"case_id","v_gene","j_gene","cdr3","cell_count"
"strict-clonotype","TRBV19","TRBJ1-5","CASSIYSNQPQHF",10
"viewer-expanded-clone","TRBV19","TRBJ2-7","CASSIRASYEQYF",1
"viewer-expanded-clone","TRBV19","TRBJ2-7","CASSIRSAYEQYF",1
"viewer-expanded-clone","TRBV19","TRBJ2-7","CASSIRSGYEQYF",2
"viewer-expanded-clone","TRBV19","TRBJ2-7","CASSIRSSYEQYF",227
"viewer-expanded-clone","TRBV19","TRBJ2-7","CASSLRSSYEQYF",1
"viewer-expanded-clone","TRBV19","TRBJ2-7","CASSSRAAYEQYF",1
"viewer-expanded-clone","TRBV19","TRBJ2-7","CASSSRSSYEQYF",1
"viewer-expanded-clone","TRBV19","TRBJ2-7","CASSTRSAYEQYF",9
"viewer-expanded-clone","TRBV19","TRBJ2-7","CASSTRSSYEQYF",16
"viewer-expanded-clone","TRBV19","TRBJ2-7","CASSVRSSYEQYF",34
