"sample","donor_id","locus","allele","copy","source_type","typing_method","source_reference"
"donor1","donor1","HLA-A","HLA-A*02:01",1,"genotyped","HLA typing published in table S1 of Zhang et al., Sci Adv 2021","10x Genomics CD8+ T cells of Healthy Donor 1-4; Zhang et al., Sci Adv 2021, eabf5835"
"donor1","donor1","HLA-A","HLA-A*11:01",2,"genotyped","HLA typing published in table S1 of Zhang et al., Sci Adv 2021","10x Genomics CD8+ T cells of Healthy Donor 1-4; Zhang et al., Sci Adv 2021, eabf5835"
"donor1","donor1","HLA-B","HLA-B*35:01",1,"genotyped","HLA typing published in table S1 of Zhang et al., Sci Adv 2021","10x Genomics CD8+ T cells of Healthy Donor 1-4; Zhang et al., Sci Adv 2021, eabf5835"
"donor2","donor2","HLA-A","HLA-A*02:01",1,"genotyped","HLA typing published in table S1 of Zhang et al., Sci Adv 2021","10x Genomics CD8+ T cells of Healthy Donor 1-4; Zhang et al., Sci Adv 2021, eabf5835"
"donor2","donor2","HLA-A","HLA-A*01:01",2,"genotyped","HLA typing published in table S1 of Zhang et al., Sci Adv 2021","10x Genomics CD8+ T cells of Healthy Donor 1-4; Zhang et al., Sci Adv 2021, eabf5835"
"donor2","donor2","HLA-B","HLA-B*08:01",1,"genotyped","HLA typing published in table S1 of Zhang et al., Sci Adv 2021","10x Genomics CD8+ T cells of Healthy Donor 1-4; Zhang et al., Sci Adv 2021, eabf5835"
"donor3","donor3","HLA-A","HLA-A*24:02",1,"genotyped","HLA typing published in table S1 of Zhang et al., Sci Adv 2021","10x Genomics CD8+ T cells of Healthy Donor 1-4; Zhang et al., Sci Adv 2021, eabf5835"
"donor3","donor3","HLA-A","HLA-A*29:02",2,"genotyped","HLA typing published in table S1 of Zhang et al., Sci Adv 2021","10x Genomics CD8+ T cells of Healthy Donor 1-4; Zhang et al., Sci Adv 2021, eabf5835"
"donor3","donor3","HLA-B","HLA-B*35:02",1,"genotyped","HLA typing published in table S1 of Zhang et al., Sci Adv 2021","10x Genomics CD8+ T cells of Healthy Donor 1-4; Zhang et al., Sci Adv 2021, eabf5835"
"donor3","donor3","HLA-B","HLA-B*44:03",2,"genotyped","HLA typing published in table S1 of Zhang et al., Sci Adv 2021","10x Genomics CD8+ T cells of Healthy Donor 1-4; Zhang et al., Sci Adv 2021, eabf5835"
"donor4","donor4","HLA-A","HLA-A*03:01",1,"genotyped","HLA typing published in table S1 of Zhang et al., Sci Adv 2021","10x Genomics CD8+ T cells of Healthy Donor 1-4; Zhang et al., Sci Adv 2021, eabf5835"
"donor4","donor4","HLA-A","HLA-A*03:01",2,"genotyped","HLA typing published in table S1 of Zhang et al., Sci Adv 2021","10x Genomics CD8+ T cells of Healthy Donor 1-4; Zhang et al., Sci Adv 2021, eabf5835"
"donor4","donor4","HLA-B","HLA-B*07:02",1,"genotyped","HLA typing published in table S1 of Zhang et al., Sci Adv 2021","10x Genomics CD8+ T cells of Healthy Donor 1-4; Zhang et al., Sci Adv 2021, eabf5835"
"donor4","donor4","HLA-B","HLA-B*57:01",2,"genotyped","HLA typing published in table S1 of Zhang et al., Sci Adv 2021","10x Genomics CD8+ T cells of Healthy Donor 1-4; Zhang et al., Sci Adv 2021, eabf5835"
