,p_val,avg_log2FC,pct.1,pct.2,p_val_adj,cluster,gene
Dpp10,0,2.13340463827779,0.985,0.698,0,0,Dpp10
Nrg1,0,1.69041454375322,0.97,0.716,0,0,Nrg1
Ptprd,0,1.52065012372504,0.993,0.935,0,0,Ptprd
Kcnq5,0,1.42148263719984,0.919,0.486,0,0,Kcnq5
Pdzrn3,0,1.35771517915645,0.658,0.086,0,0,Pdzrn3
Kcnip4,0,1.33027055535593,0.988,0.886,0,0,Kcnip4
Unc5d,0,0.866950198740319,0.757,0.279,0,0,Unc5d
Celf2,3.24362845176701e-291,1.01865404082058,0.992,0.937,6.9329314528068e-287,0,Celf2
Syt1,2.2452830998336e-203,0.670798499709303,0.983,0.918,4.79906809758434e-199,0,Syt1
Csmd1,3.71854322475935e-203,0.700941647069268,0.991,0.956,7.94801428860062e-199,0,Csmd1
Rgs6,9.83066942790812e-199,0.81824639032596,0.633,0.277,2.10120728352108e-194,0,Rgs6
Dlg2,6.16769631388237e-192,0.63896121449561,0.995,0.968,1.31828341012922e-187,0,Dlg2
Hs6st3,6.05862705911e-169,0.845836276047127,0.778,0.501,1.29497094761417e-164,0,Hs6st3
Nrg3,2.29419781592862e-132,0.505110727991706,0.99,0.956,4.90361841176583e-128,0,Nrg3
Tenm2,9.75925880666154e-119,0.450217067571253,0.985,0.929,2.08594397733584e-114,0,Tenm2
Fgf14,3.40662549514584e-117,0.489538143257683,0.983,0.96,7.28132133332471e-113,0,Fgf14
Nrxn3,1.37383607216612e-112,0.500191120889372,0.955,0.868,2.93643722064787e-108,0,Nrxn3
Lrrtm4,1.09957924862219e-83,0.554776249611333,0.922,0.853,2.35024068600507e-79,0,Lrrtm4
Cadm2,2.39323901583051e-77,0.353115895790819,0.98,0.939,5.11530907243613e-73,0,Cadm2
Tshz2,1.05154529211786e-69,1.02259080121656,0.323,0.17,2.24757290737272e-65,0,Tshz2
Cntn5,3.8008419851217e-50,0.33333501280382,0.718,0.573,8.12391965899912e-46,0,Cntn5
Opcml,2.30347277946277e-45,0.270230688601437,0.957,0.913,4.92344271882372e-41,0,Opcml
Il1rapl1,2.29232732546162e-43,0.337630197749255,0.926,0.898,4.89962042544166e-39,0,Il1rapl1
Tafa1,3.05701607409524e-35,0.729208398550683,0.612,0.528,6.53406615677117e-31,0,Tafa1
Cdh18,0,1.55473953419612,0.729,0.222,0,1,Cdh18
Cntnap2,0,1.20442775417454,0.983,0.836,0,1,Cntnap2
Meg3,0,1.06782891274791,1,0.962,0,1,Meg3
Rmst,0,1.06613672861679,0.623,0.138,0,1,Rmst
Snhg11,0,0.899874210891713,1,0.925,0,1,Snhg11
Lhfpl3,0,0.862974279855064,0.662,0.197,0,1,Lhfpl3
Zfhx3,5.26715728885579e-263,0.843817954391439,0.518,0.145,1.12580219892004e-258,1,Zfhx3
Klhl1,1.38931870642101e-237,0.488716647583288,0.263,0.039,2.96952980310426e-233,1,Klhl1
Nxph1,3.1354530108157e-216,0.775292234447232,0.495,0.147,6.70171726531748e-212,1,Nxph1
Pdzrn4,1.74592979173523e-149,0.558461668317654,0.53,0.224,3.73175033685489e-145,1,Pdzrn4
Inpp4b,6.49044201585319e-139,0.565449855100282,0.536,0.235,1.38726707646846e-134,1,Inpp4b
Ntng1,3.40838453827835e-126,0.699881406148671,0.516,0.248,7.28508111211614e-122,1,Ntng1
Unc13c,2.36927975128488e-121,0.582378730832479,0.337,0.117,5.06409854039631e-117,1,Unc13c
Fgf141,4.83396087255472e-107,0.487436472917204,0.988,0.96,1.03321079689985e-102,1,Fgf14
Grip1,7.57058291346957e-95,0.27553778842322,0.658,0.383,1.61813639192499e-90,1,Grip1
Foxp2,2.63560632647285e-89,0.506507719219113,0.232,0.075,5.63334496220306e-85,1,Foxp2
Cntn51,2.75637425848009e-85,0.51932256736487,0.775,0.566,5.89147434007534e-81,1,Cntn5
Robo1,5.08850053175453e-74,0.52913501078926,0.777,0.637,1.08761610365721e-69,1,Robo1
Unc5d1,2.29560081092612e-65,0.36519082465379,0.553,0.315,4.90661717327349e-61,1,Unc5d
Tenm21,1.98806774163016e-58,0.460572400899033,0.959,0.933,4.2492959909603e-54,1,Tenm2
Fam155a,3.9166834485724e-53,0.282085333695592,0.98,0.923,8.37151920297864e-49,1,Fam155a
Nrg31,1.47098426187699e-52,0.330755562468364,0.994,0.956,3.14408176133588e-48,1,Nrg3
Nrg11,1.09619157671912e-40,0.341973832395235,0.836,0.739,2.34299987607945e-36,1,Nrg1
Dach1,1.01867200831648e-38,0.283720766000768,0.184,0.081,2.17730955057564e-34,1,Dach1
Nell1,2.43346956419373e-26,0.259038283898436,0.352,0.225,5.20129784650767e-22,1,Nell1
Pde4b,0,2.65521604097057,0.992,0.548,0,2,Pde4b
Plp1,0,2.4650595288327,0.945,0.217,0,2,Plp1
Plcl1,0,2.38292300957185,0.938,0.324,0,2,Plcl1
Nkain2,0,1.80072601250113,1,0.895,0,2,Nkain2
Pcdh9,0,1.7010516028577,1,0.957,0,2,Pcdh9
Magi2,0,1.3834785670309,0.999,0.955,0,2,Magi2
Malat1,3.21369046791578e-257,0.571820036085789,1,1,6.86894200612318e-253,2,Malat1
Lrp1b,4.08455211065105e-145,0.664273961462194,0.998,0.899,8.73032168130556e-141,2,Lrp1b
Plekhg1,4.44566325829351e-79,0.327614050240125,0.286,0.106,9.50216064827655e-75,2,Plekhg1
Cacnb2,0,1.69058413647154,0.917,0.524,0,3,Cacnb2
Shisa6,0,1.32211984372136,0.82,0.201,0,3,Shisa6
Gria1,0,1.30961996420021,0.987,0.718,0,3,Gria1
Opcml1,5.53082421049501e-279,1.16632519337969,0.989,0.911,1.1821583667512e-274,3,Opcml
Hs3st4,5.00863158588067e-274,0.986472281971483,0.664,0.2,1.07054491516613e-269,3,Hs3st4
Epha6,5.98193901509049e-267,1.59252379885501,0.888,0.628,1.27857964508544e-262,3,Epha6
Hs6st31,2.47620364181044e-224,1.48390966768405,0.81,0.512,5.29263766400563e-220,3,Hs6st3
Tenm22,1.12266361151014e-217,1.1327344747301,0.989,0.931,2.39958120324177e-213,3,Tenm2
Celf21,1.31808816128084e-216,0.934201181533557,0.994,0.939,2.81728163592167e-212,3,Celf2
Tafa11,5.94257891491062e-190,1.08043929840944,0.817,0.511,1.270166817273e-185,3,Tafa1
Rbfox1,7.38583887898854e-189,0.818883530788426,0.983,0.925,1.57864920199501e-184,3,Rbfox1
Nlgn1,5.27917035014228e-162,0.664026136688223,0.99,0.945,1.12836987063941e-157,3,Nlgn1
Zbtb20,3.59613219968329e-158,0.742981167294577,0.936,0.586,7.68637296360306e-154,3,Zbtb20
Dgkb,9.79989765310507e-149,0.599866589102633,0.885,0.557,2.09463012437468e-144,3,Dgkb
Nell11,1.59062327539433e-141,0.465350048915372,0.56,0.208,3.39979818882784e-137,3,Nell1
Gm26871,3.25933956867502e-139,0.561817034414715,0.827,0.445,6.96651239408598e-135,3,Gm26871
Cntnap21,1.18275239021605e-122,0.744004754581396,0.942,0.846,2.52801495884778e-118,3,Cntnap2
Dlg21,8.79374048746258e-122,0.538022783707803,0.993,0.969,1.87957409179025e-117,3,Dlg2
Syt11,1.53486047196195e-116,0.577521587930403,0.982,0.922,3.28061077277147e-112,3,Syt1
Fam155a1,1.82255926463442e-113,0.550534455639911,0.978,0.925,3.89553817222961e-109,3,Fam155a
Anks1b,3.30307205330949e-104,0.515362580256607,0.986,0.923,7.05998620674371e-100,3,Anks1b
Lsamp,8.29322670459376e-101,0.505063721734386,0.997,0.966,1.77259427583987e-96,3,Lsamp
6530403H02Rik,4.33305152389712e-89,0.464953891820407,0.316,0.108,9.26146432717771e-85,3,6530403H02Rik
Csmd11,1.5077326020548e-72,0.43866670804259,0.99,0.958,3.22262766363192e-68,3,Csmd1
Meg31,2.02611959317804e-61,0.329500740836783,1,0.964,4.33062801845875e-57,3,Meg3
Nrg32,2.84947090753366e-58,0.400770027946226,0.996,0.957,6.09045911776245e-54,3,Nrg3
Adgrb3,5.45123806814639e-53,0.401815720386907,0.973,0.961,1.16514762468561e-48,3,Adgrb3
Snhg111,2.66267414721033e-44,0.250535720791308,0.999,0.928,5.69119972224736e-40,3,Snhg11
Kcnq51,9.30898040601695e-32,0.915286153770282,0.666,0.535,1.98970147198206e-27,3,Kcnq5
Gpc5,0,3.08769673296824,0.963,0.192,0,4,Gpc5
Slc1a2,0,2.90890938841525,0.948,0.286,0,4,Slc1a2
Wdr17,0,2.80360413478379,0.906,0.243,0,4,Wdr17
Lsamp1,0,1.52780352717274,1,0.966,0,4,Lsamp
Mertk,0,1.35161438175314,0.653,0.064,0,4,Mertk
Nrxn1,0,1.33362984962605,1,0.977,0,4,Nrxn1
Sox6,0,0.932706917657283,0.594,0.1,0,4,Sox6
Zbtb201,8.90427880374984e-257,1.09318538963279,0.977,0.583,1.90320055151349e-252,4,Zbtb20
Maml2,2.50643979395728e-251,0.939348638376673,0.671,0.222,5.35726441560428e-247,4,Maml2
Glis3,1.60916475702988e-185,0.566326748252439,0.395,0.094,3.43942875167566e-181,4,Glis3
Plekhg11,4.57422011971946e-161,0.507734710666308,0.385,0.1,9.77693808388838e-157,4,Plekhg1
Malat11,2.13304907417422e-139,0.386815370789982,1,1,4.55917909113999e-135,4,Malat1
Rmst1,2.36886683081544e-136,0.664746556232487,0.486,0.172,5.06321596418492e-132,4,Rmst
Dgkb1,2.20077734284687e-100,0.500039265886838,0.823,0.565,4.70394149260089e-96,4,Dgkb
Cadm21,9.31313258498412e-74,0.461414642024856,0.995,0.94,1.99058895871451e-69,4,Cadm2
Adgrb31,3.21371430168657e-36,0.36014276653271,0.994,0.959,6.86899294842487e-32,4,Adgrb3
Rgs61,2.53690701342267e-16,0.329383054929553,0.423,0.317,5.42238505048961e-12,4,Rgs6
Erbb4,0,3.25565957320699,0.899,0.284,0,5,Erbb4
Grip11,0,2.54219220081513,0.976,0.375,0,5,Grip1
Nxph11,0,2.02470426084057,0.739,0.149,0,5,Nxph1
Gm38505,0,1.22132724241752,0.503,0.056,0,5,Gm38505
Nrxn31,8.07676101069617e-255,1.58820322149682,0.993,0.871,1.7263268984262e-250,5,Nrxn3
Meg32,5.82712517636445e-225,0.992214669736829,0.999,0.965,1.24548973519614e-220,5,Meg3
Cntnap22,4.40495820741902e-205,1.4412431938113,0.984,0.845,9.41515767253741e-201,5,Cntnap2
Snhg112,1.01135668625877e-194,0.846006767440126,1,0.929,2.16167378120951e-190,5,Snhg11
Sox61,8.25484199371022e-150,0.731282255168724,0.444,0.122,1.76438992773562e-145,5,Sox6
Unc5d2,1.43683766315272e-100,0.975018002014161,0.652,0.322,3.07109682122262e-96,5,Unc5d
Gria11,7.25554012483902e-87,0.79715154412347,0.895,0.732,1.55079914628309e-82,5,Gria1
Cntn52,3.22296140097985e-71,1.1211434418181,0.735,0.582,6.88875769845433e-67,5,Cntn5
Robo11,2.09454266096548e-67,0.590505506282853,0.826,0.641,4.47687548354762e-63,5,Robo1
Syt12,9.62093588460149e-60,0.451196435900364,0.98,0.923,2.05637883597472e-55,5,Syt1
Rbfox11,6.11228847248612e-42,0.514259796844948,0.933,0.93,1.30644053810918e-37,5,Rbfox1
Dlg22,8.93870722746383e-33,0.326118983077128,0.997,0.97,1.91055928279812e-28,5,Dlg2
Nrg33,1.40624462670153e-32,0.471652465889546,0.991,0.958,3.00570726511185e-28,5,Nrg3
Epha61,1.94132936001477e-24,0.288412874071401,0.767,0.644,4.14939737409557e-20,5,Epha6
Rfx3,0,1.67442954870024,0.897,0.325,0,6,Rfx3
Maml21,0,1.5134723232001,0.856,0.225,0,6,Maml2
Glis31,0,1.43447739726932,0.74,0.081,0,6,Glis3
Zbtb202,3.81474121454241e-301,1.59636649920266,0.986,0.596,8.15362787225704e-297,6,Zbtb20
Lrrtm41,6.20784195861884e-229,1.3781305039727,0.995,0.854,1.32686414023519e-224,6,Lrrtm4
Gria12,6.39955883902114e-206,1.13575443982314,0.974,0.729,1.36784170625238e-201,6,Gria1
Shisa61,1.848819152942e-175,0.731550865897832,0.708,0.232,3.95166605749824e-171,6,Shisa6
Kcnip41,2.84936814440985e-150,1.0020446905459,0.993,0.894,6.09023947186161e-146,6,Kcnip4
Cadm22,1.62274271131338e-138,0.85976275969711,0.989,0.942,3.46845027116121e-134,6,Cadm2
Celf22,2.49079261435773e-137,0.850884286538295,0.997,0.941,5.32382013392821e-133,6,Celf2
Cacnb21,1.52387032510947e-90,0.532980453543064,0.853,0.543,3.25712043288898e-86,6,Cacnb2
Lrp1b1,2.40977151137675e-86,0.647147192641436,0.986,0.906,5.15064562841666e-82,6,Lrp1b
Vav3,2.10234077629925e-85,0.326540916463597,0.388,0.123,4.49354317526202e-81,6,Vav3
Nkain21,4.69864479797606e-85,0.517546957499369,0.985,0.902,1.0042883391194e-80,6,Nkain2
Epha62,6.53843568943799e-70,0.366095055971612,0.903,0.637,1.39752524426048e-65,6,Epha6
Dlg23,3.16565798705596e-59,0.45657775806707,0.993,0.97,6.76627738153342e-55,6,Dlg2
Il1rapl11,1.79984314597341e-49,0.402499696043083,0.962,0.898,3.84698474020356e-45,6,Il1rapl1
Fgf142,4.66185990618665e-45,0.38646004240544,0.993,0.962,9.96425936348334e-41,6,Fgf14
Lsamp2,1.91564160294903e-44,0.282003312950012,1,0.967,4.09449236214325e-40,6,Lsamp
Fam155a2,1.8468491089222e-35,0.31959479896204,0.979,0.927,3.94745528541031e-31,6,Fam155a
Opcml2,3.7253165866094e-29,0.264777306519112,0.944,0.917,7.96249167221893e-25,6,Opcml
Csmd12,3.61395852800035e-28,0.315615122799056,0.989,0.959,7.72447495774794e-24,6,Csmd1
6530403H02Rik1,0,1.39454219827243,0.681,0.093,0,7,6530403H02Rik
Pdzrn41,1.73877680438849e-285,1.33042202747254,0.784,0.232,3.71646154169997e-281,7,Pdzrn4
Gm268711,2.05228096521032e-283,1.31345562870147,0.954,0.453,4.38654533504053e-279,7,Gm26871
Rbfox12,4.74686396718238e-184,1.05849952483455,0.994,0.926,1.01459470434556e-179,7,Rbfox1
Lrrtm42,1.17775524121463e-180,1.22910223945882,0.991,0.855,2.51733405257216e-176,7,Lrrtm4
Tafa12,3.38389616493697e-179,1.5720926149978,0.862,0.52,7.23273966293628e-175,7,Tafa1
Celf23,2.38204943424681e-159,0.996594369656436,0.996,0.941,5.09139246075913e-155,7,Celf2
Unc5d3,5.56606381926151e-155,1.16534433790162,0.761,0.321,1.18969048072895e-150,7,Unc5d
Csmd13,6.27974942940036e-149,0.817022972930196,0.999,0.958,1.34223364304003e-144,7,Csmd1
Rfx31,3.85847526601515e-126,0.82806032026917,0.741,0.336,8.24710503358079e-122,7,Rfx3
Dach11,5.42792460197802e-121,0.850428258316091,0.338,0.08,1.16016460442678e-116,7,Dach1
Nlgn11,1.51982433414589e-117,0.685163974940309,0.993,0.946,3.24847253180343e-113,7,Nlgn1
Fam155a3,5.19302742348963e-117,0.711448586758579,0.98,0.928,1.10995768149667e-112,7,Fam155a
Nrg12,1.62634154451591e-116,0.764269335843977,0.951,0.74,3.4761424172483e-112,7,Nrg1
Epha63,3.66381521816883e-113,0.749021930743624,0.898,0.638,7.83103864731406e-109,7,Epha6
Robo12,3.21234325108831e-101,0.782693342239272,0.895,0.64,6.86606246487615e-97,7,Robo1
Dgkb2,5.06435657633742e-82,0.642218876833483,0.831,0.574,1.08245557462636e-77,7,Dgkb
Nkain22,2.60945422506631e-74,0.518195265500379,0.987,0.902,5.57744746065672e-70,7,Nkain2
Ptprd1,8.97315951899555e-69,0.512306411438467,0.99,0.94,1.91792311559011e-64,7,Ptprd
Dlg24,2.36834599616112e-55,0.446950996484845,0.994,0.97,5.06210273219478e-51,7,Dlg2
Cacnb22,7.55403920734813e-54,0.424827986408832,0.808,0.546,1.61460034017859e-49,7,Cacnb2
Nrg34,4.73185043457782e-51,0.427603788302283,0.993,0.959,1.01138571188666e-46,7,Nrg3
Rgs62,5.92536359107211e-50,0.577985989757483,0.572,0.312,1.26648721395575e-45,7,Rgs6
Lsamp3,1.26692259108957e-45,0.595900656505146,0.983,0.968,2.70792034619486e-41,7,Lsamp
Gria13,6.17260124556521e-41,0.360870660189355,0.883,0.735,1.31933179022711e-36,7,Gria1
Cntn53,1.02184060706671e-32,0.334284840389759,0.744,0.584,2.18408211354439e-28,7,Cntn5
Anks1b1,1.30707642872551e-28,0.266878849789083,0.96,0.927,2.79374515875791e-24,7,Anks1b
Fgf143,3.84297756056687e-27,0.274295071400218,0.98,0.963,8.21398023795563e-23,7,Fgf14
Il1rapl12,1.91625688234307e-22,0.467694257152656,0.888,0.903,4.09580746032008e-18,7,Il1rapl1
Hs3st41,0,2.44440185274661,0.941,0.213,0,8,Hs3st4
Foxp21,0,1.04285957450867,0.581,0.073,0,8,Foxp2
Cdh181,2.72817602215951e-277,1.79876340145848,0.892,0.26,5.83120342976373e-273,8,Cdh18
Dpp101,1.12008726394413e-138,2.1458500358202,0.869,0.733,2.39407451795418e-134,8,Dpp10
Dlg25,1.59076771463054e-133,1.02080289047446,0.998,0.97,3.40010691325132e-129,8,Dlg2
Ptprd2,2.48894334115471e-124,1.02217620641439,0.992,0.941,5.31986749738408e-120,8,Ptprd
Nrg35,7.3061677579003e-108,0.838185755316254,0.998,0.959,1.56162029657361e-103,8,Nrg3
Fam155a4,4.98728405011448e-79,0.701742586019344,0.979,0.928,1.06598209287147e-74,8,Fam155a
Rgs63,2.42511970745425e-77,0.690820311131711,0.705,0.31,5.18345086271272e-73,8,Rgs6
Csmd14,2.52104149112341e-63,0.626929785011967,0.991,0.959,5.38847408312718e-59,8,Csmd1
Pcdh91,2.80666561072673e-63,0.54040335730145,0.992,0.96,5.99896707636732e-59,8,Pcdh9
Celf24,5.00416671794003e-55,0.571816255214763,0.992,0.942,1.0695905942925e-50,8,Celf2
Nrxn32,6.90227569204591e-53,0.668649595869809,0.943,0.877,1.47529240641789e-48,8,Nrxn3
Anks1b2,1.03804104257874e-48,0.449406187015531,0.977,0.926,2.2187089244078e-44,8,Anks1b
Nrg13,1.80758599748038e-45,0.548375621742986,0.9,0.745,3.86353431101456e-41,8,Nrg1
Syt13,4.27377046496465e-43,0.483005428424581,0.973,0.925,9.13475699181545e-39,8,Syt1
Gm268712,1.64367665192884e-41,0.516383874352392,0.741,0.47,3.5131944758327e-37,8,Gm26871
Rbfox13,1.01722832693375e-38,0.568753895797323,0.987,0.928,2.1742238259882e-34,8,Rbfox1
Fgf144,1.4841943529958e-36,0.4257418252746,0.989,0.962,3.17231701009322e-32,8,Fgf14
Nrxn11,1.0012960845357e-35,0.40139902688307,0.994,0.979,2.14017025108661e-31,8,Nrxn1
Adgrb32,8.1244067458106e-33,0.416979602582179,0.975,0.962,1.73651069784956e-28,8,Adgrb3
Snhg113,4.44186932626422e-26,0.309720976825827,0.998,0.932,9.49405149795714e-22,8,Snhg11
Pdzrn42,1.68760985638268e-23,0.369324847628573,0.453,0.255,3.60709730703233e-19,8,Pdzrn4
Il1rapl13,1.58864129638244e-16,0.294973876213317,0.924,0.901,3.39556190688783e-12,8,Il1rapl1
Tshz21,7.48497713353791e-10,1.00647906442858,0.269,0.188,1.59983901252239e-05,8,Tshz2
Flt1,0,2.74436024522679,0.92,0.017,0,9,Flt1
Igf1r,0,2.34520793641542,0.893,0.309,0,9,Igf1r
Slco1a4,0,2.30622907990142,0.83,0.016,0,9,Slco1a4
Lef1,0,1.21466084592413,0.544,0.04,0,9,Lef1
Zbtb203,7.80320042930133e-85,0.769844958628017,0.962,0.604,1.66785605975887e-80,9,Zbtb20
Dach12,1.38826311584022e-72,0.483124930224664,0.318,0.085,2.96727358379688e-68,9,Dach1
Malat12,1.58163418534385e-48,0.326452560503859,1,1,3.38058490775395e-44,9,Malat1
Maml22,6.36182150832412e-36,0.50012276731098,0.49,0.253,1.3597757291892e-31,9,Maml2
Plekhg12,5.98699680498061e-35,0.339212152891989,0.301,0.118,1.27966069709656e-30,9,Plekhg1
Lhfpl31,0,2.85947972939342,0.946,0.233,0,10,Lhfpl3
Sox62,0,1.78610119497672,0.869,0.12,0,10,Sox6
Gm385051,0,1.56098921887591,0.727,0.067,0,10,Gm38505
Nxph12,2.55098601390612e-254,1.54347832694672,0.83,0.17,5.45247750612295e-250,10,Nxph1
Gpc51,5.40060723630658e-184,1.42070489515938,0.852,0.243,1.15432579068817e-179,10,Gpc5
Erbb41,8.83334192917766e-154,0.864861771932458,0.915,0.308,1.88803850394243e-149,10,Erbb4
Maml23,5.38743708128362e-136,1.11567811911025,0.754,0.246,1.15151080175356e-131,10,Maml2
Lsamp4,2.70657687171322e-91,0.866441151796142,1,0.968,5.78503740559985e-87,10,Lsamp
Opcml3,6.50368895919427e-78,0.886369990822319,0.995,0.916,1.39009847813818e-73,10,Opcml
Anks1b3,1.15455798643587e-72,0.810140517555648,0.985,0.927,2.46775224020803e-68,10,Anks1b
Unc13c1,6.74387301032428e-69,0.51590014063597,0.445,0.135,1.44143541722671e-64,10,Unc13c
Nlgn12,3.75863695002112e-60,0.693488018304893,0.995,0.948,8.03371061697515e-56,10,Nlgn1
Nrxn12,2.43908350172263e-51,0.64420091132869,0.983,0.979,5.21329707658196e-47,10,Nrxn1
Pde4b1,7.37783888566112e-50,0.426470066906206,0.873,0.588,1.57693928342121e-45,10,Pde4b
Lrp1b2,3.70629136360906e-49,0.651253676136251,0.99,0.908,7.921827160578e-45,10,Lrp1b
Pcdh92,3.64315515825429e-45,0.428514711940852,0.998,0.961,7.78687983525271e-41,10,Pcdh9
Il1rapl14,1.17008418780239e-41,0.582564832985355,0.985,0.899,2.50093794300883e-37,10,Il1rapl1
Csmd15,2.16137943823909e-41,0.572536271897085,0.988,0.96,4.61973241129223e-37,10,Csmd1
Zbtb204,6.31337259504836e-28,0.321091094968504,0.895,0.61,1.34942025846564e-23,10,Zbtb20
Inpp4b1,8.52043979478986e-14,0.25718730212732,0.433,0.269,1.82115880173838e-09,10,Inpp4b
Inpp5d,0,1.69189115526941,0.744,0.011,0,11,Inpp5d
Tgfbr1,0,1.61608933520367,0.713,0.038,0,11,Tgfbr1
Mertk1,0,1.47174069626566,0.734,0.098,0,11,Mertk
Zfhx31,2.57228522657005e-208,1.33184655477663,0.778,0.174,5.49800244327082e-204,11,Zfhx3
Plcl11,2.08110739046122e-39,0.642847990250247,0.672,0.384,4.44815893637181e-35,11,Plcl1
Inpp4b2,9.62279339047842e-37,0.530705587053722,0.543,0.266,2.05677585928086e-32,11,Inpp4b
Maml24,2.45087212631213e-25,0.41726083938107,0.494,0.256,5.23849408277955e-21,11,Maml2
B230323A14Rik,0,1.10261760299685,0.652,0.021,0,12,B230323A14Rik
Sfta3-ps,0,0.943120643136555,0.539,0.004,0,12,Sfta3-ps
Sim1,0,0.54974206996125,0.365,0.006,0,12,Sim1
Rmst2,1.61752137265683e-248,1.71449479170922,0.929,0.184,3.4572901819167e-244,12,Rmst
Zfhx32,3.34557251088901e-239,1.70328893683287,0.908,0.177,7.15082668477417e-235,12,Zfhx3
Unc13c2,7.95095090387799e-204,1.39675129142577,0.741,0.131,1.69943624619488e-199,12,Unc13c
Dgkb3,2.13595725922106e-167,2.68108038501975,0.986,0.58,4.56539504585909e-163,12,Dgkb
Cntn54,9.92928956667989e-160,2.29047050758189,0.993,0.584,2.12228635198216e-155,12,Cntn5
Fam155a5,9.5118932417809e-120,1.36463071637779,1,0.929,2.03307206149825e-115,12,Fam155a
Il1rapl15,1.32305181644034e-89,1.41010858725162,0.982,0.9,2.82789095245959e-85,12,Il1rapl1
Meg33,7.40263101356813e-84,0.969925043710654,1,0.966,1.58223835284005e-79,12,Meg3
Snhg114,9.94781757503044e-76,0.858244536495448,1,0.933,2.12624652848701e-71,12,Snhg11
Ntng11,1.20899381230783e-71,0.686189159753963,0.759,0.272,2.58410337442675e-67,12,Ntng1
Tenm23,6.62882164129292e-66,0.967223271857041,1,0.935,1.41684433760995e-61,12,Tenm2
Pde4b2,1.0446085242036e-41,0.328100993254365,0.908,0.591,2.23274625963277e-37,12,Pde4b
Hs6st32,5.1966379940701e-39,0.708167198786612,0.855,0.533,1.11072940485254e-34,12,Hs6st3
Kcnip42,7.91416207680922e-38,0.82294748702571,0.993,0.898,1.6915730022972e-33,12,Kcnip4
Ptprd3,1.7097798657531e-37,0.545675542947118,0.993,0.942,3.65448348506068e-33,12,Ptprd
Cntnap23,7.74232914657308e-37,0.479231954066913,0.993,0.852,1.65484543178853e-32,12,Cntnap2
Fgf145,3.85914321860421e-36,0.567366580679615,0.996,0.963,8.24853271544464e-32,12,Fgf14
Cdh182,1.16406188529607e-34,0.376814329479801,0.638,0.28,2.48806587363183e-30,12,Cdh18
Nlgn13,5.93418447310469e-32,0.589777018416644,1,0.948,1.2683725892814e-27,12,Nlgn1
Lrrtm43,8.33706344322091e-32,0.609972141480174,0.982,0.86,1.78196394035404e-27,12,Lrrtm4
Tafa13,4.02101334885827e-28,0.362262718704952,0.84,0.533,8.59451393184967e-24,12,Tafa1
Cadm23,2.04107696923396e-23,0.512812812554341,0.993,0.944,4.36259791404067e-19,12,Cadm2
Robo13,1.22274386955387e-22,0.416467561126515,0.855,0.65,2.61349274678444e-18,12,Robo1
Csmd16,1.2554157703466e-22,0.431389251864874,0.993,0.96,2.68332566753883e-18,12,Csmd1
Rgs64,1.23781259159691e-16,0.715839980054803,0.528,0.322,2.64570063327923e-12,12,Rgs6
Lrp1b3,1.64250011520265e-12,0.337513940234114,0.972,0.909,3.51067974623414e-08,12,Lrp1b
Rbfox14,7.80746971781231e-11,0.336503903000355,0.975,0.929,1.6687685774852e-06,12,Rbfox1
Nkain23,4.91397803473372e-08,0.392577534686835,0.922,0.907,0.00105031366514399,12,Nkain2
Vav31,0,2.09972565489393,0.902,0.124,0,13,Vav3
Synpo2,0,2.0112057475884,0.846,0.029,0,13,Synpo2
Lef11,0,1.44793180349821,0.795,0.047,0,13,Lef1
Plekhg13,1.03494980496132e-284,2.0283506299945,0.842,0.112,2.21210171312432e-280,13,Plekhg1
Ntng12,1.56701843336221e-220,2.81615871515272,0.991,0.269,3.3493451994684e-216,13,Ntng1
Foxp22,4.57916035590907e-199,0.983379707360365,0.675,0.084,9.78749734472004e-195,13,Foxp2
Inpp4b3,7.05967158868945e-185,2.3039269629303,0.936,0.261,1.50893420536648e-180,13,Inpp4b
Nell12,1.66681704642929e-181,2.08509210906026,0.902,0.228,3.56265475503797e-177,13,Nell1
Zfhx33,1.53710805773539e-166,1.42476123202574,0.872,0.18,3.28541476260362e-162,13,Zfhx3
Robo14,4.54099359747569e-118,2.12950804256046,0.979,0.649,9.70591971524455e-114,13,Robo1
Kcnip43,4.25963405795454e-94,1.79595003220082,1,0.898,9.10454183547204e-90,13,Kcnip4
Rbfox15,2.85872757823698e-85,1.43875876766896,0.987,0.929,6.11024432572372e-81,13,Rbfox1
Anks1b4,6.85844957695753e-73,1.14272036181556,0.987,0.928,1.4659250125789e-68,13,Anks1b
Nrg36,6.61165941708101e-60,0.853959012686369,1,0.96,1.4131760838069e-55,13,Nrg3
Lhfpl32,7.43305917089846e-53,0.545061287036614,0.701,0.249,1.58874206718784e-48,13,Lhfpl3
Cntnap24,3.29563362043735e-35,0.641889509983147,0.974,0.853,7.0440873003228e-31,13,Cntnap2
Unc13c3,7.85053121153635e-35,0.369896547056849,0.44,0.14,1.67797254115378e-30,13,Unc13c
Tshz22,3.03881349514061e-34,0.27022892606105,0.53,0.185,6.49515996451354e-30,13,Tshz2
Fam155a6,9.741685245029e-33,0.630312523908287,0.979,0.93,2.0821878042725e-28,13,Fam155a
Nrxn13,1.67587080056025e-32,0.573910823018051,1,0.979,3.58200624911747e-28,13,Nrxn1
Hs6st33,1.13608639348244e-31,0.688962150844638,0.85,0.534,2.42827105742937e-27,13,Hs6st3
Shisa62,5.14246062932579e-30,0.456854213631693,0.598,0.255,1.09914953491209e-25,13,Shisa6
Il1rapl16,5.47543140144754e-30,0.646116890867424,0.953,0.901,1.1703187077454e-25,13,Il1rapl1
Snhg115,6.96025382723351e-27,0.510401991697476,1,0.933,1.48768465303289e-22,13,Snhg11
Syt14,1.27436690992158e-21,0.478880949366009,0.979,0.927,2.72383183326639e-17,13,Syt1
Meg34,2.34411297692564e-21,0.424335963678785,1,0.967,5.01030707688087e-17,13,Meg3
Pcdh93,7.02527410458385e-17,0.368023343326995,0.996,0.961,1.50158208711375e-12,13,Pcdh9
Ptprd4,1.30666656015863e-15,0.321728878684128,0.987,0.942,2.79286910568306e-11,13,Ptprd
Magi21,1.18992995491756e-11,0.266731960819411,0.957,0.96,2.5433562856408e-07,13,Magi2
Lrp1b4,4.70320368386455e-11,0.349885709187861,0.974,0.909,1.00526275538921e-06,13,Lrp1b
Fgf146,3.20603479691548e-08,0.258278164123015,0.97,0.964,0.000685257877492715,13,Fgf14
Gm42705,0,0.919092913894712,0.484,0.012,0,14,Gm42705
Gm19410,1.56029396267848e-230,0.638367796008828,0.423,0.022,3.33497231582898e-226,14,Gm19410
Gm13211,4.24069711674502e-225,0.364041654206562,0.253,0.007,9.0640660173308e-221,14,Gm13211
Lrrtm44,1.84678797006868e-60,1.36129182458882,0.978,0.861,3.9473246072248e-56,14,Lrrtm4
Dpp102,6.88329797528581e-41,1.67265954378089,0.896,0.736,1.47123610923759e-36,14,Dpp10
Kcnip44,1.20211899612613e-40,1.05663914479404,0.995,0.899,2.56940914231999e-36,14,Kcnip4
Anks1b5,3.01147618892658e-37,0.737017747877792,0.967,0.928,6.43672920621166e-33,14,Anks1b
Kcnq52,2.42142736232805e-36,0.67551877035703,0.923,0.542,5.17555884423997e-32,14,Kcnq5
Nrxn33,1.19554553313241e-32,0.740473837289981,1,0.878,2.55535902251722e-28,14,Nrxn3
Tshz23,1.15103359790949e-31,1.30826116757174,0.489,0.187,2.46021921217174e-27,14,Tshz2
Meg35,1.50723201756452e-30,0.610089072532005,1,0.967,3.2215577143424e-26,14,Meg3
Magi22,7.91404894653679e-29,0.621364166336115,0.978,0.959,1.69154882183277e-24,14,Magi2
Opcml4,1.52123766701612e-28,0.770317463207189,0.962,0.918,3.25149338948025e-24,14,Opcml
Ntng13,1.74212624015061e-28,0.544009443240317,0.648,0.278,3.7236206256979e-24,14,Ntng1
Tafa14,2.56386901054023e-28,1.35274241848735,0.797,0.536,5.48001362312869e-24,14,Tafa1
Hs6st34,6.87932691074006e-28,0.639641338501548,0.879,0.535,1.47038733390158e-23,14,Hs6st3
Nlgn14,5.40395360699322e-27,0.714015565723026,1,0.948,1.15504104395873e-22,14,Nlgn1
Celf25,1.96116549682016e-23,0.623547052942594,0.989,0.944,4.19179513290342e-19,14,Celf2
Ptprd5,2.12604690562432e-22,0.50990624148112,1,0.942,4.54421265608142e-18,14,Ptprd
Snhg116,3.49713249877342e-18,0.430139590253147,1,0.933,7.4747710028783e-14,14,Snhg11
Fam155a7,1.29992680741532e-15,0.418524827781283,0.956,0.93,2.7784635581695e-11,14,Fam155a
Nrg37,3.43114905235154e-12,0.347641261417855,0.984,0.96,7.33373798449618e-08,14,Nrg3
Tenm24,5.69621376923197e-12,0.44329417619497,0.989,0.936,1.21750873103564e-07,14,Tenm2
Syt15,1.28593038975456e-11,0.325142349693087,0.978,0.927,2.7485476150614e-07,14,Syt1
Csmd17,2.38844217463349e-10,0.335940635114118,0.967,0.961,5.10505630406162e-06,14,Csmd1
Robo15,3.30732075401554e-10,0.454015595948058,0.775,0.653,7.06906737963282e-06,14,Robo1
Dlg26,1.21679107518433e-08,0.353016382152923,0.973,0.972,0.000260076924409899,14,Dlg2
Rbfox16,1.69026132568054e-07,0.282065157313125,0.962,0.93,0.00361276455750958,14,Rbfox1
Epha64,0.00010293362931715,0.567077116186659,0.714,0.652,1,14,Epha6
1700042O10Rik,0,2.40645890495358,0.958,0.02,0,15,1700042O10Rik
Ddc,0,1.71252226965962,0.889,0.019,0,15,Ddc
Bnc2,0,1.44435354715423,0.736,0.01,0,15,Bnc2
Klhl11,2.11910730129201e-205,2.45172675608698,0.931,0.063,4.52937994578155e-201,15,Klhl1
Zfhx34,4.18814703305653e-71,1.77726181867776,0.958,0.189,8.95174546845503e-67,15,Zfhx3
Oprk1,2.55795289062221e-63,0.275531026315513,0.208,0.009,5.46736850841591e-59,15,Oprk1
Sox63,2.0555752829307e-41,0.980336714636774,0.708,0.142,4.39358660973609e-37,15,Sox6
Erbb42,4.97025698973689e-40,1.42123582476054,0.972,0.325,1.06234272898636e-35,15,Erbb4
Cdh183,4.79729361090011e-37,1.30285548435936,0.917,0.284,1.02537353639379e-32,15,Cdh18
Meg36,1.61100077107544e-33,1.22217125115346,1,0.967,3.44335304809665e-29,15,Meg3
Nrxn34,2.91204669899777e-31,1.59971953008257,1,0.879,6.22420861443783e-27,15,Nrxn3
Foxp23,7.89863601787178e-28,0.767886233382904,0.472,0.094,1.68825446245991e-23,15,Foxp2
Cadm24,3.80802378628361e-22,1.27080560743191,1,0.945,8.1392700408026e-18,15,Cadm2
Pdzrn43,4.79656790856968e-21,0.832240882526844,0.722,0.261,1.02521842477768e-16,15,Pdzrn4
Snhg117,5.97687881503689e-20,0.840052977720929,1,0.934,1.27749807792599e-15,15,Snhg11
Rgs65,2.01648793933569e-17,0.968781771749654,0.75,0.325,4.3100413215361e-13,15,Rgs6
Fam155a8,5.86562069836801e-16,0.892866811339178,1,0.93,1.25371776806918e-11,15,Fam155a
Lhfpl33,2.60133267254946e-14,0.332372770944445,0.681,0.255,5.56008845430721e-10,15,Lhfpl3
Syt18,1.54196023992155e-13,0.739759742842705,0.972,0.927,3.29578581680833e-09,15,Syt1
Malat13,1.82394877927741e-12,0.455581681427502,1,1,3.89850812082753e-08,15,Malat1
Nrg14,2.54877751305677e-11,0.519547847637796,0.944,0.751,5.44775705640754e-07,15,Nrg1
Gm268713,3.2945647079162e-10,0.562152351996506,0.806,0.48,7.04180260670008e-06,15,Gm26871
Ntng14,6.9738682410216e-09,0.37913020807179,0.597,0.281,0.000149059459783596,15,Ntng1
Csmd18,1.06182774778459e-07,0.48711080949392,0.986,0.961,0.00226955062811478,15,Csmd1
Robo16,1.82950388043528e-07,0.353019509842657,0.903,0.654,0.00391038159404237,15,Robo1
Cntnap25,2.67036118321981e-06,0.332448519780761,0.972,0.854,0.0570762999301402,15,Cntnap2
Cntn55,4.0923686862867e-06,0.3109553391289,0.806,0.592,0.0874702883006919,15,Cntn5
Lrp1b5,8.76223920663615e-06,0.550001423156412,0.972,0.91,0.187284100802641,15,Lrp1b
Anks1b6,0.000323477437449021,0.270697843214358,0.972,0.928,1,15,Anks1b
Fap,9.94646687106133e-135,0.636534862628717,0.423,0.013,2.12595782902065e-130,16,Fap
Oprk11,1.86935525805813e-115,0.476036570354398,0.327,0.009,3.99555992857344e-111,16,Oprk1
Ntng2,9.25847495083752e-110,1.64974251238077,0.885,0.078,1.97890643599201e-105,16,Ntng2
Nell13,4.7565220715164e-25,0.955382763781256,0.846,0.239,1.01665902756591e-20,16,Nell1
Shisa63,5.66119977854687e-24,1.17540028685702,0.808,0.259,1.21002484066661e-19,16,Shisa6
Syt19,2.85235593394197e-23,1.27940878874251,1,0.927,6.09662557320756e-19,16,Syt1
Nrg15,3.39641065728344e-21,1.44081690801807,0.981,0.751,7.25948813887762e-17,16,Nrg1
Cadm25,7.29161172630329e-17,0.993538678162716,1,0.945,1.55850909038007e-12,16,Cadm2
Kcnip45,8.13584729394226e-15,1.07863729568057,1,0.9,1.73895600060722e-10,16,Kcnip4
Lhfpl34,7.40749920047348e-14,0.708242642236923,0.712,0.256,1.5832788791092e-09,16,Lhfpl3
Celf26,1.99846018004001e-13,0.907877540675536,1,0.944,4.27150878881753e-09,16,Celf2
Kcnq53,2.34872064796572e-13,0.819363653707951,0.942,0.546,5.02015551296194e-09,16,Kcnq5
Csmd19,9.5521866007562e-11,0.771130229222867,1,0.961,2.04168436404563e-06,16,Csmd1
Unc5d4,6.03329036286528e-09,0.519967581432519,0.769,0.345,0.000128955548215882,16,Unc5d
Adgrb33,3.23819222717724e-08,0.607438865419124,0.981,0.962,0.000692131206636864,16,Adgrb3
Malat14,9.87636729556518e-08,0.343246105613763,1,1,0.0021109747457541,16,Malat1
Nrg38,4.37519139889022e-07,0.509871639457315,1,0.96,0.00935153409598796,16,Nrg3
Pcdh94,1.32052602648955e-06,0.435281825373623,1,0.962,0.0282249232901876,16,Pcdh9
Opcml5,4.67580820542561e-06,0.500150651293004,0.962,0.919,0.099940724582767,16,Opcml
Tenm25,5.86216931035013e-06,0.417540642810441,0.981,0.937,0.125298006839424,16,Tenm2
Gm268714,0.00014678053449182,0.310973065984475,0.769,0.481,1,16,Gm26871
Dlg27,0.00120519088068213,0.264196493291348,1,0.971,1,16,Dlg2
Slc47a1,0,1.25624117025209,0.353,0.001,0,17,Slc47a1
Slc6a13,0,0.680623371647762,0.333,0.002,0,17,Slc6a13
Prdm6,4.22405976558819e-291,0.573796569975304,0.216,0.001,9.02850534296818e-287,17,Prdm6
Bnc21,6.55895455877344e-187,1.87725520620055,0.49,0.012,1.40191094739224e-182,17,Bnc2
Foxp24,1.36914637355541e-23,1.15619915889198,0.49,0.094,2.92641345883733e-19,17,Foxp2
Zbtb205,3.61817107812827e-12,0.916446295507015,0.98,0.618,7.73347886239137e-08,17,Zbtb20
Pdzrn31,0.0013413903846597,0.3216302221913,0.333,0.167,1,17,Pdzrn3
Tshz24,0.00324286393862807,0.266177239027277,0.353,0.191,1,17,Tshz2
