,SPATIAL_1,SPATIAL_2
GACGTTAAGACTCAAA-1,1430.8405,-3628.6995
CACTTCGGTATGGAAT-1,2909.6884,-5706.13886
GCCAGTGTCGCCAACG-1,3354.02643333333,-8146.5064
AATGCCACAGAGCTAG-1,6639.1905,-9840.223
AAGACTCAGACGCATG-1,1893.4624704918,-2652.52709482759
CATTCTAAGACTCCGC-1,5677.34736,-9718.587
AGGAGGTAGTCCGTCG-1,3583.24775,-6932.0227
GCAGCTGAGCAGGGAG-1,4901.8014,-9694.761225
CCTCAACTCTATGTGG-1,5248.3993,-9837.5703
TCCCAGTTCGCAAGAG-1,3017.5433,-5627.88636666667
GATCACAGTTCGGCTG-1,3736.20933333333,-6850.3066
TCTACCGAGCTCGAAG-1,2521.8766,-5770.593
TGGGCGTCAAGCGCTC-1,5395.2036,-9706.3587
GCACTAATCATGCCGG-1,4017.223,-6967.75661269841
TCAAGTGTCGGTCAGC-1,1664.63395,-4190.4249
ATTCCATCACGCTGTG-1,7530.0448,-9334.20469693252
CTCAGAACACTTTAGG-1,2704.5247,-6612.8576
TTTGGAGTCACTCCGT-1,6111.562,-9426.5312
CACATGACATTCGATG-1,4053.5844,-8763.71205
CCTACGTTCTAATTCC-1,4904.907,-9697.15692222222
CACTAAGCAGAACTTC-1,6496.74266666667,-9745.93353333333
TAGATCGCAGCTGAAG-1,7902.9109,-8803.5996
TGCTCGTAGCTGTACT-1,2268.7055,-1703.57256666667
AGATCCATCATTTACC-1,2615.97915555556,-5447.01751666667
AGTCTCCGTCCGTTTC-1,2884.97947,-5972.24133333333
ATCGTAGAGAAGCGAA-1,4405.78703493976,-1309.63713253012
CTGAGCGAGGGCGAAG-1,4063.4188,-8636.18835
TGCTGAATCCACGTCT-1,2690.06982758621,-1318.9742
GTAACACCATCGCTCT-1,7990.73468,-9146.36726
TGAACGTGTCAGTCCG-1,4488.34497413793,-9534.01017068965
TCGCAGGGTGCAGTGA-1,2181.4252,-6125.9901
GCATCGGGTTACAGCT-1,6147.794,-8055.327925
ATTCCTACAGTAACCT-1,7585.40643333333,-9202.928
CCCTGATTCAAGCTGT-1,5864.408,-1529.0551
AGACAAAGTGACGTCC-1,3014.130375,-6083.741
TTACGTTCAGCGTTGC-1,3563.1584,-7000.3459
CCCAACTAGGGCATGT-1,2747.2914,-6375.9262
GTCTGTCTCAGCACCG-1,3694.8229,-7066.6634
TGTTCTATCACCCTTG-1,1608.15085,-4350.13685
GGGCGTTGTGGCCACT-1,4058.9545,-6990.835
GCGATCGTCGCTTTAT-1,4417.1984,-3167.36593023256
AAGGAATGTTGTTTGG-1,6326.7542,-4878.40156666667
CTCTGGTAGCACCAGA-1,3319.3688,-5955.521775
AAGACAAGTTTCGTGA-1,6589.4362,-5197.6745
TCTACCGAGACCTTTG-1,5316.2696,-6060.9666
ACGGTTAAGAGTAACT-1,4720.1885,-5173.7355
ACTACGACATGCTGCG-1,4546.25333333333,-3483.2539
TGCTTGCGTGTCCGGT-1,5321.07627083333,-5072.69566666667
ACAGAAACACCAGCGT-1,5276.5438,-6320.2195
TGATCAGTCGTGGCTG-1,5643.6516,-6246.15032380952
GTAGAAACAAACTGCT-1,3332.3088,-5701.46105
AACAACCTCCATCTAT-1,6525.22684166667,-4984.26848214286
TGGAGAGTCAGTCAGT-1,4934.8631,-6010.1771
TGATTTCAGCTAGCCC-1,3342.4667,-6574.814
ACATCGAAGCTTACGT-1,5130.3183027027,-5588.2037
TCCTCTTTCCCTCAAC-1,6262.8953,-4885.2382
CAGGTATAGATCCTAC-1,3655.52843333333,-4319.0485
TCTCACGTCTAGGCAT-1,3467.05868125,-5141.62273333333
CACCGTTCAACCAGAG-1,5848.6859,-6491.998
AGCCAATCAAATGAGT-1,4542.9105,-6403.1002
TGCGACGGTACTCGCG-1,6607.6816,-7326.8221
ACCTGTCCACCCATAA-1,4315.96160843373,-6408.19164158416
TGCGGGTGTGACAACG-1,5196.3158,-4204.3354
CACGTGGCACAGGATG-1,4102.13096666667,-6392.7482
CCTCAGTGTTTAAGGA-1,6466.08565,-8549.68445
ACCCTCACAGCGTAGA-1,5925.95926666667,-4846.9358
GTGTAACTCCATGCAA-1,4260.1068,-6189.9784
TCAAGACTCGGCTCTT-1,5830.117,-5874.5012
CAATTTCGTATCTCTT-1,6338.3355,-7269.692
GTAACACTCATTCTTG-1,3667.29305,-6396.7596
AATGCCATCATATGGC-1,5694.15688214286,-4413.28764444445
TATTTCGAGAGAACCC-1,4826.6847,-4627.7322
TGACCCTTCGCAGAGA-1,5627.5413,-5663.60135753425
CCCTCAACACGGCTAC-1,6217.96491162791,-9396.7045
GCAGTTATCTATCGGA-1,3973.1623,-4237.5265
CGATGCGCAGTAGTTC-1,4881.52575862069,-5528.64272857143
CGGAGAACATCCTGTC-1,4659.047,-5063.00145
GACGTTAGTCTCGGAC-1,3495.094,-1679.62637777778
TTGTTGTGTCCAAATC-1,4938.10528888889,-5764.8347
TTGAGTGAGTATAACG-1,5150.5082,-5650.3804
CACACAAAGTGCGACA-1,6565.20605,-3762.305
GGCTGTGTCCGAGATT-1,6911.9657,-7035.073625
TTCAATCTCCGTGGTG-1,3782.9443,-4099.392
ATTACCTGTATTGCCA-1,6015.31428,-1940.12655
ATGCGATAGCTGAGCA-1,3504.0873,-1670.0364
TTTCAGTGTGATGTAA-1,4891.69741666667,-1492.98485
CTCAACCTCTAGACAC-1,4799.5107,-9035.6785
TCCTTCTGTGCGTTTA-1,4246.5845,-4029.516
GTCTAGACACTGTCCT-1,3539.69386666667,-1537.7896
AGAACAACACGCCACA-1,6785.91960810811,-7935.3256
GACCTTCTCTTACACT-1,4185.1842,-1118.50125
TCTTCCTTCGAAGGAC-1,3183.24,-3885.235
AGGGTTTAGTTAACGA-1,3067.475525,-6160.29404
CGATCGGAGATGAACT-1,4234.0974,-5871.2662
ACATGCAGTTGACGGA-1,3152.3781,-5197.10144285714
GAACTGTAGTTCTCTT-1,4590.0375557377,-9712.8153137931
AACGGGAGTCGAAGCA-1,5860.37503333333,-5027.23313333333
TATATCCAGTGCTCGC-1,5699.54315714286,-5897.405
TTTCATGAGGCAATGC-1,1656.42896842105,-4571.45244285714
TCTGGCTGTGCCCGTA-1,4325.5832,-4188.031
GTGTTCCTCCGTTGAA-1,3779.8387,-1631.6046
TGTGAGTGTTTGAACC-1,7575.71802307692,-7093.06747
GACCAATTCCTTCAGC-1,3297.3061,-5795.6966
TTCATTGTCGCAGTCG-1,7435.73376666667,-8457.09875
AGGGAGTCACCAGCCA-1,7780.822,-8935.717
GTGCTGGCAGAGTGAC-1,7079.75436666667,-4302.8088
CTACGGGGTGTGCTTA-1,5794.94941935484,-9502.89407826087
TTGAACGGTGCCGAAA-1,5844.998,-2362.82243333333
TTACGCCGTTTAGTCG-1,3374.105,-5237.5297
ATCACAGTCATCACAG-1,8614.2874,-6958.2909
CTAGACATCGAGTTGT-1,1760.12820909091,-2894.63486666667
TTACGTTTCATCAGTG-1,8622.96835517241,-7657.60085
CGCCAGATCGACGTCG-1,3857.75413714286,-5484.62084857143
ACCACAAGTTAAGTCC-1,4258.38865555556,-8402.08434
ATACCTTCAAGCTGCC-1,5171.471,-1838.1917
GTTTACTTCTCCAAGA-1,8859.71298571429,-7034.59068571429
TCGCAGGTCCATCAGA-1,4298.6033,-5744.5189
AAGTCGTGTACTAACC-1,3065.1705875,-4862.07155625
GCACATAAGAAACACT-1,8787.9422,-8009.88156666667
GTCCACTCACCCTAGG-1,3740.8246,-1864.7834
CATAAGCAGCCACTCG-1,5011.2738,-8076.193675
CGTAATGCAGACCCGT-1,5779.3922,-2313.5426
CCTCAACCACAAATGA-1,2264.67253333333,-2809.5328
TTTAGTCTCTGCGAGC-1,6110.4621,-8655.8895
GGTGAAGTCACGTAGT-1,4455.0479,-8269.6305
AGTCACATCCCTCGAT-1,6953.309,-4192.9482
GGGATCCTCACCTGTC-1,6760.3089,-8618.687
GTCCACTCATAAGATG-1,5985.22878,-9685.59
CCTTCAGGTCCCGGTA-1,2241.4021,-3433.70622258065
ACGGGTCCACCAGCCA-1,6842.7367,-9804.2498
TCACAAGGTAACATGA-1,5813.0362,-9784.7751
GGGTGAAGTACAGTCT-1,6737.5345,-6622.00186666667
ATTGTTCAGCAATTCC-1,4714.8184,-6534.9588
TGCGGGTAGTGAGCCA-1,2739.3333,-1973.301475
ATCCCTGAGGAGGGTG-1,4096.83994444444,-7189.464
TACTGCCAGGTATTGA-1,4619.8388,-2844.4708
CACTGGGAGACGGAAA-1,2425.06661612903,-1299.7583
TGGATGTAGATAGGGA-1,2806.43728311688,-3883.0352
GTTCTATGTCCACATA-1,4144.6173,-6123.3374
AATGAAGAGCAGGCAT-1,3386.220075,-2929.66991666667
CAACAGTAGGTACAGC-1,1465.9726,-3811.0241
GACTTCCAGAGAGTTT-1,5074.83508,-6556.908275
TTCTAACCATACACCA-1,4589.42218823529,-6576.40993333333
TAGGTTGTCGTCGATA-1,3757.4525,-7963.4832421875
GGTGAAGAGACTCAAA-1,2223.12435,-3373.94325
TCATACTAGCTGCCAC-1,2965.9774,-6701.3025
ATTCCTAAGCTGGCCT-1,7546.62162105263,-8511.55098888889
CATCCGTAGGCACGAT-1,5616.46466,-8146.9593
CCCTCAATCTCAGAAC-1,7035.5427,-5876.054
TCTATACAGGCAGTCA-1,4211.0642,-5498.76912962963
GGGTGTCAGCACAAAT-1,4628.1851,-3437.7698
GATTCTTCAGCAATTC-1,3319.92953333333,-3420.1714
CCTCCAAGTTGGGACA-1,5787.2856,-5099.654
ATACTTCGTCACCCTT-1,5747.5598,-8261.83415
ATGCATGGTATGGGAC-1,4889.379,-4122.5546
TCATATCTCACTTTGT-1,3182.93498571429,-6617.8395
GGTGATTTCTAACACG-1,7132.528,-7070.0278
GCCAGTGAGCTGGAGT-1,6507.8495,-4261.5302
GACACGCGTGATCATC-1,1453.954575,-2848.2881
TCACACCAGTTGTAGA-1,5419.6602,-7660.6741
TTCGCTGAGTAAATGC-1,6751.48659285714,-3935.8304
GTCGTAATCTTACGGA-1,7518.31253333333,-5102.872825
CGAAGTTTCGTTGTTT-1,7426.5248,-4966.75685344828
AATAGAGAGGACAAGA-1,6977.73787142857,-4278.659525
GGCGTCACAAGCTGTT-1,7349.16516666667,-5019.52952
GGCACGTGTTTAGAGA-1,7144.6916,-4590.9179
CGAGGCTGTCGTTGCG-1,7286.7728,-4507.69213333333
CAGATACAGTAAATGC-1,7295.13674545455,-4922.376
CCTGTTGCAAGTGTCT-1,6994.1994,-4063.7423
GCTGCAGTCATTTGTC-1,7428.55206666667,-4640.37026666667
AAAGAACAGAACTTCC-1,6754.2271,-3660.726
TTTCAGTTCTGCATAG-1,7101.7955,-4465.36755
TAGGTACTCATTCGGA-1,7012.745655,-4595.188504375
AGGTTACGTCCGATCG-1,7394.563,-4958.4786
AAAGGGCTCCACTTTA-1,7167.8542,-4552.0332
TAGATCGAGTGTTGAA-1,7256.9461,-4939.40887407407
GTACAGTCAAGAGATT-1,7218.9672,-4651.7359
GGCGTCATCCCGTTGT-1,6558.5743,-3889.59146666667
AACAACCAGCCTCTGG-1,7275.1915,-4503.98882857143
TTGGGCGCATCGAACT-1,7372.13798,-4957.7022
AAGTTCGTCGGAGTAG-1,6820.674,-3790.03357142857
TAGAGTCCAAATTGGA-1,6938.2986,-4164.739
CAGTTCCAGTCTGTAC-1,6659.1181,-3937.3832
GAAGAATCAATACCCA-1,6579.6665,-4268.44385714286
TCAAGCAAGGTAGTAT-1,7178.17385,-4504.88568387097
CACGGGTAGTTGGACG-1,6936.7458,-4539.7402
CCGGACAAGCGCCTAC-1,7305.96826842105,-5116.9936
GTCATTTCAGAGAGGG-1,7331.9334,-4434.8615
AAGTACCGTGCAAGAC-1,7223.12956666667,-4935.0572
GTTTACTAGCCTATTG-1,7004.0099631579,-4324.81398888889
TGGGTTATCGCCTAGG-1,7358.978,-4843.1832
CTGAGGCAGGCAGGTT-1,6802.558,-3898.09181428571
TGTTTGTGTCGCGTTG-1,6615.5103,-3860.43333333333
GAAACCTCAGCGATTT-1,7044.4066,-4435.7673
CCGTTCACATGGCGCT-1,6638.50468,-3699.6107
CTGCTCAAGACGCAGT-1,7359.7544,-4843.1832
GGAAGTGCAGCACAAG-1,7375.10124,-4635.4315
TTCTAGTAGTGATAGT-1,6679.0457,-4013.05344444444
GATAGAACACTTGTGA-1,7255.09568,-4825.5201
TCATACTAGATGACAT-1,6980.9359,-4151.4108
TTTGACTGTATCGTTG-1,6061.08162222222,-7201.8217
CATTCTATCCGCTAGG-1,4360.78,-3833.5397
CCACGAGAGGATCATA-1,6203.22033333333,-7436.40233333333
TTTGGAGCAATCTCTT-1,5465.87756666667,-7304.12534
CCTAAGAGTTGCTGAT-1,3693.2701,-3632.47366666667
ATTGGGTAGTAGTCAA-1,3926.5136,-4066.22965555556
GACTTCCAGATGGTAT-1,5433.3766,-7140.3567
GTAATGCGTCCTGTTC-1,5589.72976446281,-7110.83544418605
TGTGATGTCTTCTGTA-1,5598.05966666667,-6543.758
CAGGCCATCAGCGCGT-1,4240.220608,-3445.40022580645
TGGGATTTCAGTCATG-1,6146.9529,-7463.145
AGAAATGTCGTCCTTG-1,5872.3014,-7102.8954
TTGTTTGGTTTGTGGT-1,3825.74159457364,-3830.3047
ATCGTGATCGACGACC-1,3085.75147777778,-4858.6222375
CGTTCTGTCTGCGGAC-1,4059.76325,-3991.05185
GTTACAGTCTCTTGCG-1,3702.04773333333,-4003.636
AGGTCATAGTCTGTAC-1,5930.9196,-7100.7603
GCTTCACAGCTAATGA-1,5718.752125,-7064.49595
TCTTGCGGTAACGCGA-1,3922.1787,-3903.00593333333
GAGCTGCCAAAGTGTA-1,3834.5749,-4096.6099
GTTACCCCAGCGATTT-1,3934.13349545455,-4113.2378
ATGAGTCGTTTAAGGA-1,3937.2538,-3419.4597
GTCAAACTCGTCTCAC-1,3909.4328,-3901.05819375
CTCATTACATAATGCC-1,5775.122,-7382.917
TCCGTGTGTCTGGTTA-1,3959.16553333333,-3716.6915
AGCGTATAGAATAGTC-1,5787.7385,-7131.30899318182
GCAACCGCAGGAACCA-1,5478.5372,-7326.40155
GTTGTCCCAGGTGTGA-1,5295.5656,-7290.9783
GTAGGTTGTGACCTGC-1,4094.42151764706,-3615.5654
ACCTGTCTCAAGGAGC-1,4213.7816,-3932.466
AGACACTGTTGGGTTT-1,5757.9765,-7258.3048
GCCAGTGTCTACGCGG-1,5769.299,-6784.1185
TTAATCCAGTTAGAAC-1,5848.1683,-7354.3843
TGGCGTGCAGAATGTA-1,6191.0783,-7478.673
ATGTCCCTCCACAAGT-1,5319.91436666667,-7342.8677
TCTACATCATAACTCG-1,4009.2649,-3578.20005955056
GATGGAGGTATGAAAC-1,4126.9542,-3482.7363
TTCACCGCATTAGGAA-1,4077.04496052632,-3326.5505
CCTATCGAGCGTGCCT-1,3985.406775,-3568.0756
AGTACTGAGAGCAACC-1,4166.68,-3709.42353333333
GAAATGAAGACCTCAT-1,2038.2441,-4757.1322
GTTGCTCGTCTTTCAT-1,4278.4169,-7639.129
TGGGATTGTCGAATGG-1,2133.14606,-5258.84188
ATTCCCGCAGTGCGCT-1,4348.13115,-7834.3936
GGAGATGAGAGTGTTA-1,6058.95131481482,-9589.3811
CGCCATTGTAGGGAGG-1,2023.92611442308,-5009.7857
TGCACGGCAAGTTCGT-1,2345.70712666667,-1941.647
GGGAGATTCGAAACAA-1,5653.6154,-9605.84262857143
TAGGGTTGTGATGTAA-1,3861.0372,-8335.301
TTCTAGTCAGCTCATA-1,2935.10961818182,-1455.8147
CTGTAGAGTGGCTGCT-1,4016.86603448276,-8526.6836
ACGATCAAGCTAATGA-1,1914.75014776119,-3461.1265
ATATCCTGTATGCTTG-1,3787.2145,-7273.42303333333
AGGGCTCAGTTCCGGC-1,4251.8252,-7578.5698
CTGATCCAGGACAACC-1,2695.402,-4601.0111
CTAGACAAGAATCCCT-1,2925.50784678899,-1391.07156666667
AGACTCATCCTTCTGG-1,2900.8245,-5185.3815
TAGGTTGAGTAAAGCT-1,2162.274,-2500.44567647059
CCCTCTCCAGAATTCC-1,2858.7048,-4837.1661
GCCAACGGTTTGGGAG-1,2846.153,-4802.19575
CCCATTGGTAGTCTTG-1,2632.7724,-4724.7175
CCAATTTTCGACCTAA-1,3744.21840909091,-7332.5157
CACTTCGGTACGCGTC-1,4435.28395294118,-8985.25563333333
CGCATGGAGGTCCCTG-1,2106.1791,-5221.937
CATCGCTGTATTGACC-1,3470.6374,-7862.7322
TCAATTCTCCGTGCGA-1,4421.0804,-7861.05
GTCAGCGTCTCCGAAA-1,2877.4031,-1576.26022
TGTACAGCAGATACCT-1,7072.2923,-9445.34596
CACATGAGTGACTAAA-1,6949.3623,-6745.09146
CCGGTAGAGTCGCCAC-1,6665.81852280702,-9695.26265
TTTCATGCAATAAGGT-1,6616.4808,-9693.0305
ATTCCCGCACAGTCGC-1,4324.37978,-8020.962115625
GGGTCTGAGCGCTGAA-1,1885.358,-3029.7716
GTAGTACAGATGAATC-1,2466.364,-4510.0429
CATTGAGCACATCATG-1,4411.8283,-8874.6402
CCCTAACCAATCGCGC-1,2735.81362,-5399.6679
CGATCGGAGTCGCCAC-1,3763.88593043478,-7224.6214173913
CAACCTCCATGGCTGC-1,2674.66102857143,-5377.2817
CGAATTGCACCCAACG-1,4076.39115,-8481.0701
GACTTCCCATAATCGC-1,2293.40683478261,-5799.5139
AGTCAACGTTAAGAAC-1,6969.90455,-5703.39126666667
TGGGATTTCTCAACGA-1,6872.434,-5837.234
AGAAATGCACGAAAGC-1,6876.1219,-5855.21667878788
GCATCTCCATGTTCAG-1,6867.10628965517,-5628.1883
GCTCAAAAGACGGTCA-1,5779.96739010989,-3939.6477
CCCTCTCTCCTTCTGG-1,5986.1734,-4014.42631971831
GTCTGTCCAGAGGCAT-1,6697.4205,-5791.40380634921
ATTCCATTCCTGGGTG-1,6856.49192,-5656.04165
GCACATAGTGAGTTTC-1,5663.60508,-3907.6859
AATCGTGCATCTTTCA-1,5572.9992,-3743.2185
GATCCCTAGCAGTCTT-1,4995.6811,-3542.5191
ACCGTTCCATAGAGGC-1,5592.0857,-3846.9326
GGATCTATCACTGGGC-1,4799.446,-3423.924
GATCCCTGTGTACGCC-1,4624.65895,-3153.00353333333
CGGAATTGTATAGGGC-1,5010.51034,-3555.87605555556
ATCCATTCATGCAGGA-1,6023.8935,-3846.64145
CTCTCGAAGCCACCGT-1,5381.099,-3690.7468
ATCCGTCTCCAGTTCC-1,6643.7195,-6674.28278461539
TTTGGTTCATCCGAAT-1,6693.49536666667,-5758.3
CCGATGGGTAGGTGCA-1,6852.1829,-5942.28985476191
GTAGAAAAGATTGACA-1,5799.3845,-3897.52237391304
TCTCAGCGTCGTTGCG-1,5827.544528,-3847.518135
CTTGAGAAGACCGCCT-1,5617.3834,-3951.05392941177
ATTCCATCAGAACTCT-1,5939.2659,-4093.569
TGGGCGTCAGCGTGAA-1,6686.71265,-6259.55246666667
GGGTCTGAGTTGCTGT-1,5660.8618,-3868.97471363636
GGGTAGACATAGGTAA-1,5450.5868,-3700.5165
CAACGATTCCATAGAC-1,5968.9632,-3977.756
ATTTCTGAGCAGAAAG-1,5746.883685,-3813.1592
GGTTCTCGTGCCGTAC-1,6851.97386923077,-5686.28458666667
CTGTCGTTCAAGCCCG-1,6839.41543333333,-5920.05
TCGGATATCGGAAACG-1,6891.3911,-5729.0556
GTTTGGAAGATCCTAC-1,5857.2263,-3974.8445
AATCACGCATGTGTCA-1,6924.3234,-5668.367
CACTGAACAATAGGGC-1,5149.473,-3584.51357419355
TTCCACGCAGACTGCC-1,4756.8491375,-3378.5693
CTACATTTCGTGTCAA-1,6928.5936,-5555.10965
GACGTTAGTAGCTAAA-1,4101.1389,-5468.62731666667
TGTCCCACAGTCGTTA-1,6728.4765,-6301.7153
GGGCTACGTGTCTCCT-1,5025.67980731707,-3594.12515862069
CACATGACAACCTAAC-1,7691.56188,-8581.31196666667
TCGTGGGAGACATCAA-1,4312.48145,-1434.2696
ACCTGTCAGATGACAT-1,2747.162,-1697.99604285714
GCCAGTGTCGCATGAT-1,2397.135,-1782.485
GCGATCGCATCGCCTT-1,5256.0986,-9256.28393333333
TATTTCGAGTTACTCG-1,6483.99676666667,-9526.1045
CTACATTGTTGGGTAG-1,2139.3702,-2889.83844
CGCATGGAGCATGGGT-1,7161.69397575758,-9602.64211153846
CATACCCCAACAACAA-1,5048.24313584906,-9128.9112
TATACCTCAGCACACC-1,5508.2345,-9243.94426171875
AGAGAATTCAGTGCGC-1,1981.114,-3083.0197
GTTCTATCAATTTCCT-1,7168.8894,-9255.5938
TGATTTCCACTGTTCC-1,7134.84543636364,-9336.3394
TTGTGTTCATATGCGT-1,7094.8079,-9318.82726666667
AGAGCCCAGAAGGGAT-1,2142.55436428571,-2888.5315
GTTCATTGTTTACGTG-1,2451.6771,-1987.1311
AACCTTTGTCTTTATC-1,6997.0462,-9704.56004
GTGCACGAGCTTCATG-1,2718.047,-1712.40820689655
AGGTCTAGTGCCTTCT-1,3021.9429,-1533.35765
CACTTCGAGGGAGATA-1,6583.19352432432,-9595.5276
TTGGGCGAGCCATCCG-1,6916.47908275862,-9555.7371
ACTTTGTTCAACCTTT-1,2936.25237142857,-1563.04201
CCCTAACTCTTACACT-1,6252.27156,-9396.30336
CCGGGTAGTACGATTC-1,5952.31075862069,-9405.7625
TCTTCCTGTAGCTTGT-1,7029.69813333333,-9273.1922
AACCTTTAGTATAGAC-1,6261.2778,-9397.028
CGTGCTTAGTCTGCAT-1,6634.43967142857,-9548.84008
CCGGGTAAGCAACAGC-1,6656.983,-9626.713
CCTACGTCAACGAGGT-1,7091.3788,-9353.5496
GCAACATAGAGAAGGT-1,2822.6936015873,-1451.05462857143
CGTAATGTCAATCAGC-1,1923.2075,-3512.3689
ACATTTCTCAATGTCG-1,3171.9175,-1560.4993
CCACAAAAGTCATGCT-1,3186.11915,-1492.4996
TGTAACGAGATAGGGA-1,6807.6046,-9705.81522
AGCGCCAAGGGAGATA-1,5501.441,-9364.031
CGAATTGGTTCCTACC-1,6537.76097931034,-9780.1167
GCGTTTCGTTGTCCCT-1,2482.2802,-1883.78363333333
GACGTTATCCTAGCGG-1,2184.4014,-2701.2897
GGATCTATCAAGGCTT-1,6595.9709,-9747.91766666667
TTTACGTGTCTATGAC-1,5901.964328125,-10213.18615
ATTTCTGTCGGCTTGG-1,6549.60256666667,-3450.1922
CCTCCTCAGCCGATTT-1,6225.0458,-3427.6766
GTTGTCCAGCCTTGAT-1,4114.92,-2981.0525
AATGCCAGTGATACCT-1,2006.7999,-1704.61855
AGAGCAGCAGCTCTGG-1,5631.07039090909,-3044.5232
TGTCCTGGTACTTCCC-1,3094.57512,-6202.65035714286
CATGCGGAGCCTGTGC-1,5484.9425,-10108.63095
GAAGGGTAGCATTTGC-1,6325.02671,-3325.5153
GTTCTATCACCTTCCA-1,3767.4163,-3110.776
ACGTAGTAGCATTTGC-1,7624.26648571429,-5920.05
GATCGTACACAATGAA-1,2733.98908,-6866.83098
GGACGTCGTATGAGGC-1,9041.6956,-7474.3381
TGCACGGAGATCACCT-1,3033.11443333333,-933.8151
TTACCATGTAGCGATG-1,2760.97545,-6667.9173
AAAGGTAGTGTCTTAG-1,7574.5584,-4882.08946666667
CAGCGTGTCTCAGTCC-1,3707.957,-3166.98736
TCAGTCCCACGACGAA-1,4524.90233333333,-8035.8047
TTCTCTCAGCGTCTGC-1,2756.76995,-6643.36365
TCAAGCACACCATTCC-1,7566.6003,-5716.16181428571
CAAGCTAAGTGGTGGT-1,6866.88764827586,-3643.94097142857
CGACAGCCACAGAGAC-1,7893.29216666667,-9609.6322
CTCATGCCAACTGATC-1,8257.8551,-6350.952
GGTGTCGCACGACAAG-1,6127.27116,-3273.0436
CGTGCTTGTGTCTTCC-1,7567.959,-4854.974775
GTCCACTAGGGATCAC-1,2471.06553333333,-3074.9322
CACGTTCTCATATGGC-1,4304.5557,-7052.13825
GGTTAACCAGACCTGC-1,6174.968,-5853.0208
CATCGGGAGCTGTTAC-1,1616.2707,-3222.64818181818
CTCATGCAGAGTTGAT-1,4782.65635,-4013.9233
CAGATACCAGCGTGCT-1,6548.24386666667,-6067.3072
AGGGCCTGTACCCGAC-1,6216.20927307692,-6948.133
AGTCACATCCATCTGC-1,4865.84976666667,-6852.14408
TCAGTGACAGACCAAG-1,4100.6213,-7209.6504
TGTGGCGAGCTTAGTC-1,6952.2738,-6457.8364
ACCCTCATCAAGCGTT-1,3794.510072,-4258.554
TACCGAAAGCTTTCCC-1,7960.41626,-7500.7357
AAGTGAAGTGAATTGA-1,2795.89208679245,-5201.233
CATGGATCACCATAAC-1,7479.7082,-5908.55496666667
TAGCACAAGCCTGGAA-1,6136.795,-4577.3956
TTTGACTCAGGTCAAG-1,2337.37376666667,-2794.24203333333
TGTGTGAAGATTGATG-1,2236.7801974359,-3341.15776923077
GTCGCGATCGAACTCA-1,6718.7068,-6810.5808
TTCATTGGTTGAAGTA-1,4114.22986666667,-7267.2981
AAGCGTTAGAAGTCAT-1,3380.575,-7465.8624
CTATCTATCTTTCTAG-1,4581.78931818182,-4976.724
CTCCCTCGTTAATGAG-1,6211.9764,-7413.2046875
ATCGATGTCGCCATAA-1,6619.53464,-7345.40024285714
TACCTGCAGAAACTCA-1,5003.88506,-3551.48652
TTGCTGCCAGCGCGTT-1,6840.58138125,-3969.52831666667
CCTCTCCCAGCTACCG-1,5003.6392,-8144.53305
CTGTGAATCTACCCAC-1,6313.0378,-7103.1542
TTCTAACGTGGAAGTC-1,6937.4575,-6617.516
TAGACCAGTCGATTTG-1,2650.6296,-5318.7282
AGTTAGCTCTGCGGAC-1,5057.94406666667,-9327.8637
GGTAATCTCTGGACTA-1,4476.2695,-6020.7232
CTCCCAACAATTCGTG-1,6504.938,-9297.10631538462
CTTAGGAGTGGTAATA-1,5177.0352,-7274.1563
AGCTCAAGTGTGCCTG-1,3843.3741,-8352.123
TGGGTTAAGACCATTC-1,4330.25454,-6317.57974
GCTACAAGTTACCCTC-1,5591.7622,-3894.18393428571
TCAAGACTCGTCTACC-1,7663.4562,-8766.80686666667
CATACTTGTACGATCT-1,5574.25622857143,-6392.65115
GTAGATCAGTAGACCG-1,5603.89345,-3928.3899
CGATGGCCATAATCCG-1,5025.3784,-3226.2655
GTAGGTTTCTGGGTCG-1,3639.08385,-1497.4815
GTGCGTGCAAGCTCTA-1,2013.26127333333,-3360.9709
TACCCGTCAACCTAAC-1,7219.6142,-6797.7055
GTCACTCCATGTAACC-1,5095.9014,-2280.8691
TTGAGTGGTTGGGCCT-1,5790.33826363636,-8055.30880909091
AAACGAACACTTGACA-1,2399.88475,-3339.65225
CAGCAGCAGGGCGAGA-1,4742.406884375,-8433.2568
ATAGACCGTCGCACGT-1,2459.894,-3549.02145
TTCCTAAGTAACGGTG-1,6205.377,-8041.563
CAAGCTAAGCGTGAGT-1,6336.718,-5392.4215
GTATTGGAGAAGCGCT-1,4921.082,-2155.92046
CTAGACATCGTAGCTA-1,5198.82145454545,-8732.559
TCCTCTTCAGTGCCTG-1,3047.40144299065,-2005.42584745763
TCGCACTCAGCGTACC-1,4907.7538,-8462.76
CCTTTGGGTGCATTTG-1,2437.249,-3877.6651
ATCGTCCCAACACAGG-1,2641.3775,-2814.61175
CTTCGGTTCCGCACGA-1,3338.3906,-1798.0777
TGACTCCTCGCTGACG-1,4696.573,-2017.6695
GACTTCCTCATACGGT-1,3253.8277,-3459.38573534483
GGTAGAGCACTGGCGT-1,6064.379525,-9061.4291
ATCCACCAGTGATGGC-1,2537.534,-3074.12535294118
TCACATTGTGTACATC-1,5652.73116666667,-2903.9948
CAGGCCAGTACCGTGC-1,4752.0128125,-2834.3776
GTGGTTATCGCATAGT-1,2530.417,-3876.7593
TTTGACTAGAGGGTAA-1,7496.9831,-8436.4918
ACTTTCACAGCACACC-1,2545.61154615385,-4282.2989
GAGTTTGAGCCATCCG-1,4597.2585,-2843.6297
CACTGTCGTCTACAGT-1,4315.8782,-1680.906
CGGAATTAGCAAACAT-1,7782.1807,-6559.8036
GATGACTCACATCCCT-1,6697.3558,-7771.0523
TGACCCTTCCGCGATG-1,7687.7187,-7836.75821970803
AACCTTTCACCATAAC-1,5531.85,-8880.075
ACTTTCAAGTAGTCTC-1,6765.032,-7618.58212857143
AGCCAATCAGGCATTT-1,3904.3180027027,-1633.9985
TCCTCGATCTACGCAA-1,2502.61756666667,-3126.34713333333
GATCAGTAGTGCTCAT-1,4789.3429969697,-2834.86899917355
CATGCTCGTATCGTGT-1,5036.895,-2898.4953
GCATCTCCAACTCCCT-1,5466.7618,-2458.5353
TGACGCGTCAGCACCG-1,5255.1928,-2879.8617
GCTGAATAGGGAGGGT-1,4167.86616666667,-1758.84241627907
ACGTAGTCAGGCTATT-1,7305.39395769231,-8690.9569
AAGATAGAGACATCCT-1,5671.83923333333,-8021.6354
ATCAGGTCATACAGAA-1,4501.73973333333,-1260.05406666667
TCAGCCTAGATACAGT-1,5052.8759,-2656.9055
CACGAATTCTACCTTA-1,5244.4526,-8252.8085
GGCTTTCAGACCCGCT-1,7574.850844,-6294.26659859155
GAGTTACGTCACCTTC-1,5190.234,-6517.1016
CAACCTCGTTAATGAG-1,1988.4898,-5732.50491875
ACCCTTGGTGCCGAAA-1,5996.7195,-5281.461
CATTCCGAGGGTTAGC-1,4793.4289,-1698.10541666667
ACGTCCTAGCCGCTTG-1,2396.8762,-1860.4485
CAGTTAGAGTAAAGCT-1,3314.61672985075,-2233.14464179104
TTGCGTCGTTCCACGG-1,4861.01452,-7348.21192
TGTCCCAGTGAGACCA-1,7967.15368666667,-6692.66042857143
GAAGCCCAGTAGAGTT-1,4789.66608421053,-5348.2314
TCTTTGAAGGCCCAAA-1,5873.57616486486,-3953.3641
CACTTCGTCTTAGGAC-1,4237.21162666667,-8002.507492
GAGACCCGTAGACTGG-1,2096.28,-3536.502
GAGTGAGGTATCGTTG-1,7528.492,-6773.91611875
TTCTAGTTCACTACTT-1,2405.17936666667,-1495.05525
ATAGGCTTCATCAGTG-1,6415.4579,-8595.843371
TTGATGGTCGGTGCAC-1,4918.6234,-1930.94225205479
TGGGATTGTATTGGCT-1,7791.23007333333,-6563.51091
TAGAGTCCAGGGTTGA-1,4675.18858351648,-1782.56684939759
AGTGATCGTTAGTCGT-1,5969.49374,-2658.43365238095
TCTATCATCAAGAATG-1,5552.9422,-5744.05306
TGTTACTTCGTGGCTG-1,3529.36478125,-7264.6454
TTTCGATCAGACCAAG-1,7718.15542857143,-8160.4816
GAACGTTTCATCCCGT-1,6771.647575,-6092.7343
AAGCATCGTATGGAGC-1,6676.40061176471,-4892.4199
TAGATCGCAGCACAGA-1,6843.8366,-10020.736
CGCATAACAGAAGCGT-1,7112.71766875,-9068.5461
GTCTCACGTGTAACGG-1,5697.36338333333,-3812.5122
TTACAGGTCATTTGCT-1,5983.456,-8439.8562
TCATCCGAGTCTACCA-1,3768.27896666667,-7095.4549
CCACAAATCGGTAAGG-1,6789.19745,-8961.69405
CTCGAGGAGTCAGAGC-1,4417.2631,-5232.58015
GCACGTGAGCTCCCTT-1,7978.07073333333,-6299.839
AGCTCAACAATGTTGC-1,2890.6666,-1269.5434
GTACAACCATTGAGCT-1,4775.40995,-5035.27390555555
ATCACAGTCGGATTAC-1,3116.36608,-4406.42585
CAGATACGTCCCTCAT-1,5399.862,-8064.1433
CGTAGTACACGGTGTC-1,5664.32325,-9704.6765
GGGTAGAGTGGCAACA-1,3624.1753525,-7928.38421428571
AGCTTCCGTGCTCTCT-1,7480.0317,-6815.8215
ATGCATGCACTAGGTT-1,2739.31296571429,-3363.80556875
AACAAGAGTCAGGCAA-1,6781.837825,-8446.0027
ATACCGAGTCAACACT-1,2865.16940833333,-1579.7799
CCACCATGTGTACAGG-1,4540.4253109589,-7903.49923866667
CAATGACAGAGGCTGT-1,2112.6491,-5038.9007
AGTTCCCTCCTTCAGC-1,3639.6985,-6883.65298
TGTCCTGCATAGACTC-1,5686.57710909091,-1673.6596
GGAGCAAAGACTCAAA-1,7074.18708571429,-8793.2476
CAACAGTTCAGCCTCT-1,5619.69966,-10007.75718
TTACGTTTCAAAGGTA-1,8015.036,-8243.0388
GCAACCGTCTCCTACG-1,7211.3326,-9472.08
TGTGCGGCAGGTTCCG-1,2664.0872,-5821.82246
TTTCAGTCAGCGGTTC-1,4334.70001818182,-1072.37205294118
CTTCGGTAGCTTGTGT-1,6594.224,-9619.4019
GAAGTAATCATTGCTT-1,8617.0048,-7735.8555
ATCGGCGTCACTTCTA-1,4166.2918,-7372.6944
CTTGAGACAGACGGAT-1,4020.991775,-9146.15184705882
CCTTCAGTCACGGGCT-1,4867.03593333333,-9289.47503333333
CTTTCGGTCATGGGAG-1,4329.724,-8064.31583333333
CATGCCTGTTTGAACC-1,7546.98344225352,-6785.2831
AATGCCACATTCAGGT-1,1589.94704285714,-3019.65991428571
TGACAGTAGATGGCAC-1,8352.3818,-8000.155
GTTGTAGTCTCGCTCA-1,1603.62682692308,-4444.67711612903
TGAATCGGTGCGTGCT-1,2629.2786,-5920.97736666667
TCATATCAGTAAGGGA-1,6020.74168571429,-2016.8931
TGGTACAAGCATGAAT-1,8019.565,-6811.18466666667
CCTCATGGTATGTCAC-1,3118.4106,-6884.9858
AACCTTTGTTCTCCAC-1,4297.76938888889,-8956.19455
CACAGATGTCGATTTG-1,4874.15428125,-2215.804192
ACACCAAGTTACCTGA-1,5345.7081,-8761.51225
GTGCAGCCATTGGCAT-1,5052.7465,-9473.58966666667
TCTTAGTTCTCTATGT-1,5897.9873,-2624.5555
CTGTACCCATCGAAGG-1,1653.8712030303,-5190.65455
GGCACGTAGACGACTG-1,3004.3445,-1320.6564
GTTCATTAGGTCCGAA-1,4521.236,-2395.7116
GAAGGGTAGCGACTAG-1,1595.58826666667,-5073.4505
ACATCGATCTTGGTGA-1,1466.8137,-3320.5981
TTTACCAGTCAATCTG-1,3455.92561538462,-3348.8073
CTCCTTTCAGTGTGCC-1,3540.17141428571,-3296.1010625
GAAGGACGTCTTGAAC-1,4907.1715,-7593.66338571429
CCATCACGTTCTTGTT-1,3105.30238,-4429.13555
CATCGTCCAGCTTTCC-1,3271.7496,-3697.8638
AACACACCACTGGAAG-1,5096.2249,-7730.43148333333
GGGTAGACAAAGGCTG-1,3481.4423,-3336.92406666667
CATTGAGCACGAGAAC-1,5474.9382625,-8139.3247
TCTTCCTAGAGAGAAC-1,3059.7924,-3327.0034
ATCCCTGGTAGTCTTG-1,3088.2604,-4527.4472
CGCATGGAGGGCCCTT-1,3230.9239,-2977.9469
ACTTATCTCACCTCAC-1,4932.62506818182,-7631.98847272727
TCACTCGGTTTAGTCG-1,5524.35774,-8160.44278
GCATCGGCATCGGCCA-1,3079.76313333333,-3350.73536
TTGGTTTGTGCAATAA-1,7604.7086,-6129.031
ATCCCTGTCACACCGG-1,5775.57109411765,-2934.3391
TACATTCCAATAGAGT-1,5509.7226,-8155.71742063492
AGGAGGTCAGTCGGTC-1,3091.4307,-3127.4686
GGGACAAAGATCCGAG-1,4710.4188,-7485.143
GGAGAACTCCCAGGCA-1,3259.79888387097,-3704.8514
TGCAGATCAACGGCTC-1,5111.1059,-7863.8321
AATCGTGCACAGTCCG-1,3118.9929,-4452.3305
GATTGGTAGGTCTTTG-1,5540.42275,-8148.60915
CCTTGTGAGGAACGCT-1,3109.83785,-4351.5926
TGGAGGACATAAGATG-1,4739.77966,-7439.99534
ATTCACTCAACAAGTA-1,7513.5463,-6153.5523
ACATCGAAGGAGCAAA-1,5900.64,-7828.6353
TTTCACAGTCGTACAT-1,4764.5727,-7541.1085
GTTCCGTTCCGTTGAA-1,5467.0853,-8121.4675
CCATCACCAGATAAAC-1,5196.8981,-7900.94833333333
GGGTGAACATGGTGGA-1,3090.71253,-4311.608
CGACAGCAGTGGATTA-1,5498.55106666667,-8144.41012
AGTCAACTCTTTCGAT-1,3355.481509375,-3529.46324186047
CACAACAAGGTTAGTA-1,3175.59544615385,-4216.85485
GAGTTGTTCGAGATAA-1,3072.9912,-4393.7123
AGTAGTCTCTCGACGG-1,7653.0395,-7991.4852
ACGGGTCTCATGGTAC-1,5529.0032,-8226.0227
GGTAATCCATAGGAGC-1,3449.64225,-3388.7272
CATTTCACACACCGAC-1,3069.2386,-4138.09947826087
GGGTTTAAGTAGCATA-1,5608.2607,-8170.316
TCTCACGGTCTCAAGT-1,8463.1482,-8707.9083
CTTCTCTGTGATCGTT-1,8243.427,-7837.03705714286
TGACTCCCAGCCCACA-1,8549.458,-7847.1395
GAGAGGTTCTGCTAGA-1,3982.25265,-878.604433333333
TCGATTTGTACCTAGT-1,8366.0982,-6529.95306315789
CCATAAGTCTTGCAGA-1,8447.232,-8673.75863495146
CGGCAGTCATGGATCT-1,5262.3745,-943.7789
GTAGTACAGTGGTTCT-1,5070.35150204082,-1535.09808
AACCTTTCATATGAAG-1,2823.71647777778,-1152.77284
GTTAGTGGTCTCGCGA-1,8074.1718,-7656.8568
CTAAGTGCATTGGCAT-1,7978.804,-6714.9542
AAGGAATTCTGGTGGC-1,2279.1222,-1533.7135
AATCGACGTGACACAG-1,5733.3258,-1631.734
TCCACCAAGGGTCTTT-1,5829.31472,-2409.9456
TCAATTCTCAAAGAAC-1,5450.20357692308,-1183.90216666667
TCCTCTTAGCCTAACT-1,8705.385,-7895.988
TCTTCCTAGGCTAGCA-1,8412.941,-7291.69
CGCATAATCCACAAGT-1,7384.0816,-9498.22804285714
GTTGTAGCAGCAGGAT-1,8739.3525,-7811.92113333333
TGTTCCGAGTTCACTG-1,8022.7353,-6835.92163333333
CAACAGTAGGTTGACG-1,3285.63853333333,-1144.56456666667
GTTCTATGTCAGCTTA-1,8458.4898,-7937.152081
ATAGGCTCAGCTGCCA-1,4976.24953333333,-1488.1647
TACACCCGTCTATGAC-1,8383.20488,-7474.5322
TGGGAAGCAAGTCCAT-1,8155.5644,-8028.7524
CGGTCAGTCTTGCGCT-1,5839.6279,-1374.06162857143
TGGAGGAGTTTAGAGA-1,4797.73145,-1260.1619
CCCTCTCAGGTCGACA-1,5725.1659882353,-2367.32986666667
CCCGGAAAGAGGCTGT-1,8040.80508571429,-6577.9196
AGACCCGCATCACGGC-1,8615.726975,-8462.387975
CTGTGGGTCTCCCAAC-1,5023.57177692308,-1260.26065263158
GACCCTTGTTAGAGTA-1,8219.8762,-7501.3827
GTACAACCACGTGAGA-1,7957.9706,-6331.6067
CGTAATGGTTATGACC-1,3699.546,-5442.4993
AACGTCACATTGGGAG-1,8853.9362,-7290.7195
ATCCATTCAACCAGAG-1,4911.81287368421,-1464.77669354839
GACAGCCTCCAATCCC-1,8309.06977142857,-8032.16856
GTCAAACGTGACCGTC-1,5065.363,-1700.2513
TCAAGTGAGGCTTAGG-1,8630.8506,-7245.589956
TGAATCGCAGGCTATT-1,6006.101,-2082.5636
CCATAAGCAGAAGTTA-1,3583.76783846154,-7379.51776153846
ACGATCAAGAAGTCCG-1,4191.74046666667,-7503.01457777778
TAGGTTGGTAGATCCT-1,5119.711,-9449.00366666667
ATCACTTCAAAGACGC-1,7635.12781578947,-8907.3137
ATTACCTAGACTCTAC-1,2113.2314,-3884.6527
GTTGTCCTCGAGAAGC-1,6202.0126,-9418.9613
AGTTCCCGTGATCGTT-1,3375.8519,-7546.18745
TAACACGAGACCCTTA-1,4413.93752,-8541.59048
ACGATCAAGCGACCCT-1,2286.498,-2714.4885
TCTACCGGTAGGTAGC-1,5341.28009512195,-9212.6977
GAAGCGATCTTACGGA-1,6281.0113,-9421.71105
GACCCTTCACTAGGTT-1,4522.26195714286,-8778.2372
TTGCTGCAGCGCCTTG-1,5403.2021375,-4742.5747
CTTGAGACACTATCCC-1,1984.49134,-4176.74085
GAGAAATGTATTGAGA-1,5032.29283141361,-9025.1971
ACTACGAAGGCCCGTT-1,4130.140675,-8486.2461
CCTTTGGTCTGGTTGA-1,5341.1791,-9202.2163
TCGGGTGCAAGCGATG-1,4823.88103333333,-8849.69324210526
TGCTGAAAGTGATGGC-1,3503.8285,-7496.142
ACAAAGACAAATGGCG-1,2278.61636363636,-4861.558
CTTCGGTTCATTGCTT-1,3867.60425,-8205.68533333333
GAAACCTAGGTTAGTA-1,7431.8302,-9048.4244
AGCGTATAGGCCTTCG-1,2290.86525,-5309.95056666667
GGTCTGGCAAAGGGTC-1,2126.6243,-3456.39261666667
ACGGTTACACAGCTGC-1,7935.8432,-8238.817125
ATGACCACAACAGTGG-1,5811.2246,-9360.4725
TTGCTGCAGTCTCTGA-1,3743.0244,-7880.6541
GACGTTAGTTATGGTC-1,4426.54108,-8607.00218
CAGTGCGAGTATAGGT-1,2879.2794,-5165.09805
GATAGCTAGTGTAGTA-1,2309.30475,-5236.27267142857
AAAGTCCTCGCTTAAG-1,2756.1553,-5436.9351
AGACAAACAGGTTCAT-1,2414.4099,-5394.686
GGAATGGGTTCACCGG-1,3264.92375,-1521.66636
TCCGATCTCTCACTCG-1,2134.3883,-3200.1267
CTAACCCTCTCTCAAT-1,4213.74925,-1427.0879
CACTGAAAGACTAGAT-1,2282.3572,-5529.9737
TTCTAGTTCAGAGCGA-1,2276.0166,-5241.70285
TGTTGGACACAATGCT-1,3792.33942105263,-7351.214
TCACATTAGCCGTTGC-1,4161.25238888889,-7673.43702631579
GGGTTTAAGGTGCTGA-1,2370.2845,-5346.75011052632
CTGAATGAGAAACCCG-1,6181.7615,-5008.8152
TCTTTGATCAACTGGT-1,2916.676,-5532.07182857143
TAAGCCATCTACCAGA-1,5889.641,-2838.1302
GTCAAGTTCATGAGGG-1,4665.67875,-977.5523
TGATGCACATCGGCCA-1,6449.4901,-4570.6668
GAGAGGTGTTCGGTTA-1,3165.37518823529,-3794.57592222222
AGAAGCGCAACACGTT-1,7304.65588,-5278.3554
GTTACGATCTGGACTA-1,4416.5514,-3258.6155
GTCATGAGTCTTTCAT-1,6943.3452,-4915.906
AAACCCACAAGATTGA-1,7611.550625,-7747.31818333333
ATCTTCAAGCGATGCA-1,5362.983,-4430.74226666667
TTTACGTCATCGATCA-1,4520.9125,-3131.0271
TGCATGACACCGGTCA-1,5110.0707,-9436.3656
GCTTCACCAATGGCCC-1,5791.46234444445,-4887.23213636364
ATTTCACAGTATTCCG-1,3752.21677692308,-5176.8411
CTCACTGGTTGACTAC-1,3852.79212419355,-8823.41228507463
AAGAACATCTGCGGCA-1,7856.62315789474,-7204.102375
ATTGGGTGTTTGATCG-1,4849.1356,-9675.4321
TTTACCACATAGATGA-1,1615.3649,-2631.996
CGTCCATAGTTAACAG-1,6378.2554,-6080.04721818182
TCCGAAATCGGTAACT-1,4201.3592,-3573.8339
ATTCACTGTCAACATC-1,3401.5378,-1135.88813076923
TTTCACATCTCTCTAA-1,3457.65426666667,-8017.73183333333
AGAAGTAGTGTACGCC-1,7032.36365675676,-8095.36105
TATTGGGAGGTTCATC-1,6445.7375,-3973.23847903226
GGAGATGAGTGCCGAA-1,6085.59945172414,-8380.0087
TGACGCGTCTATCACT-1,5864.14502580645,-4032.8157
CATCAAGAGGGAGGTG-1,8718.33446829268,-6661.10801951219
TCGGGACAGAGCCATG-1,7762.9001,-7814.58615714286
GTAACACAGGAGAGGC-1,3557.3354,-6982.53846923077
TGAATGCCAAGTACCT-1,7116.40845714286,-7173.3283826087
AATTTCCCAATTTCGG-1,4010.66673333333,-8830.903
ACAAAGACAGTAACCT-1,5542.23897142857,-2479.5628
CAAGACTTCTACTGCC-1,4455.7596,-6451.1723
CATACCCGTCACGCTG-1,7365.8362,-5356.32230526316
GAACGTTGTAACATGA-1,7410.84975454545,-7867.9082
GGGCTACTCCGATGCG-1,2453.424,-1706.3331
GATTGGTAGTCAAGCG-1,2653.7352,-5451.45730909091
CCTTGTGGTACAGCGA-1,8090.22302608696,-7111.4358
GAAGTAAGTCTCAAGT-1,2989.31253333333,-7298.16
