"run_id","profile","source","n_cells","backend","export_repeat","order_position","access_repeat","status","load_secs","attach_secs","rss_mb","first_query_secs","hot_p50_secs","hot_p95_secs","block_prepare_secs","block_materialize_secs","block_ready_secs","n_hot","correctness","row_fingerprint","reference_row_fingerprint","block_fingerprint","reference_block_fingerprint","query_plan_fingerprint"
"20260805T214336Z-02ff3f0a971e-publication","publication","mouse_brain_e18",50000,"embedded",1,1,1,"OK",3.3264696598053,0.0373845100402832,1443.90625,0.188000000000001,0.155,0.159000000000001,0.167999999999999,0.00200000000000067,0.17,33,"OK","8efbf3cd5db5aecd46de961a4d5d3e09","8efbf3cd5db5aecd46de961a4d5d3e09","cc2e0064fd5dfb7d61771b70f80d0b94","cc2e0064fd5dfb7d61771b70f80d0b94","6f2c87109f18153312eb075a2d68303d"
"20260805T214336Z-02ff3f0a971e-publication","publication","mouse_brain_e18",50000,"embedded",1,1,2,"OK",3.3207745552063,0.0365722179412842,1444.01953125,0.159000000000001,0.155999999999999,0.16,0.167999999999999,0.00300000000000011,0.170999999999999,33,"OK","8efbf3cd5db5aecd46de961a4d5d3e09","8efbf3cd5db5aecd46de961a4d5d3e09","cc2e0064fd5dfb7d61771b70f80d0b94","cc2e0064fd5dfb7d61771b70f80d0b94","6f2c87109f18153312eb075a2d68303d"
"20260805T214336Z-02ff3f0a971e-publication","publication","mouse_brain_e18",50000,"bpcells",1,2,1,"OK",0.0433244705200195,1.18351101875305,415.7265625,0.485,0.192,0.1994,0.00500000000000078,0.196,0.201000000000001,33,"OK","8efbf3cd5db5aecd46de961a4d5d3e09","8efbf3cd5db5aecd46de961a4d5d3e09","cc2e0064fd5dfb7d61771b70f80d0b94","cc2e0064fd5dfb7d61771b70f80d0b94","6f2c87109f18153312eb075a2d68303d"
"20260805T214336Z-02ff3f0a971e-publication","publication","mouse_brain_e18",50000,"bpcells",1,2,2,"OK",0.0438408851623535,1.19219779968262,415.81640625,0.472,0.192000000000001,0.201000000000001,0.00599999999999845,0.202,0.207999999999998,33,"OK","8efbf3cd5db5aecd46de961a4d5d3e09","8efbf3cd5db5aecd46de961a4d5d3e09","cc2e0064fd5dfb7d61771b70f80d0b94","cc2e0064fd5dfb7d61771b70f80d0b94","6f2c87109f18153312eb075a2d68303d"
"20260805T214336Z-02ff3f0a971e-publication","publication","mouse_brain_e18",50000,"h5",1,3,1,"OK",0.0279552936553955,2.35497498512268,529.11328125,0.0100000000000002,0.00499999999999989,0.00939999999999985,0.0300000000000002,0.0229999999999997,0.0529999999999999,33,"OK","8efbf3cd5db5aecd46de961a4d5d3e09","8efbf3cd5db5aecd46de961a4d5d3e09","cc2e0064fd5dfb7d61771b70f80d0b94","cc2e0064fd5dfb7d61771b70f80d0b94","6f2c87109f18153312eb075a2d68303d"
"20260805T214336Z-02ff3f0a971e-publication","publication","mouse_brain_e18",50000,"h5",1,3,2,"OK",0.0285379886627197,2.34140753746033,529.125,0.0089999999999999,0.00499999999999989,0.00940000000000003,0.0280000000000005,0.0209999999999999,0.0490000000000004,33,"OK","8efbf3cd5db5aecd46de961a4d5d3e09","8efbf3cd5db5aecd46de961a4d5d3e09","cc2e0064fd5dfb7d61771b70f80d0b94","cc2e0064fd5dfb7d61771b70f80d0b94","6f2c87109f18153312eb075a2d68303d"
"20260805T214336Z-02ff3f0a971e-publication","publication","mouse_brain_e18",50000,"bpcells",2,1,1,"OK",0.0431780815124512,1.18291020393372,415.75390625,0.44,0.193000000000001,0.2034,0.00600000000000023,0.197999999999999,0.203999999999999,33,"OK","8efbf3cd5db5aecd46de961a4d5d3e09","8efbf3cd5db5aecd46de961a4d5d3e09","cc2e0064fd5dfb7d61771b70f80d0b94","cc2e0064fd5dfb7d61771b70f80d0b94","6f2c87109f18153312eb075a2d68303d"
"20260805T214336Z-02ff3f0a971e-publication","publication","mouse_brain_e18",50000,"bpcells",2,1,2,"OK",0.0430176258087158,1.19995164871216,415.828125,0.475,0.192,0.2008,0.00599999999999845,0.204000000000001,0.209999999999999,33,"OK","8efbf3cd5db5aecd46de961a4d5d3e09","8efbf3cd5db5aecd46de961a4d5d3e09","cc2e0064fd5dfb7d61771b70f80d0b94","cc2e0064fd5dfb7d61771b70f80d0b94","6f2c87109f18153312eb075a2d68303d"
"20260805T214336Z-02ff3f0a971e-publication","publication","mouse_brain_e18",50000,"h5",2,2,1,"OK",0.0284450054168701,2.348552942276,528.93359375,0.0089999999999999,0.00499999999999989,0.00940000000000012,0.0299999999999994,0.0210000000000008,0.0510000000000002,33,"OK","8efbf3cd5db5aecd46de961a4d5d3e09","8efbf3cd5db5aecd46de961a4d5d3e09","cc2e0064fd5dfb7d61771b70f80d0b94","cc2e0064fd5dfb7d61771b70f80d0b94","6f2c87109f18153312eb075a2d68303d"
"20260805T214336Z-02ff3f0a971e-publication","publication","mouse_brain_e18",50000,"h5",2,2,2,"OK",0.0283613204956055,2.35755038261414,529.1796875,0.0089999999999999,0.00499999999999989,0.00939999999999985,0.0289999999999999,0.0209999999999999,0.0499999999999998,33,"OK","8efbf3cd5db5aecd46de961a4d5d3e09","8efbf3cd5db5aecd46de961a4d5d3e09","cc2e0064fd5dfb7d61771b70f80d0b94","cc2e0064fd5dfb7d61771b70f80d0b94","6f2c87109f18153312eb075a2d68303d"
"20260805T214336Z-02ff3f0a971e-publication","publication","mouse_brain_e18",50000,"embedded",2,3,1,"OK",3.32917857170105,0.0368056297302246,1443.94921875,0.183,0.155,0.16,0.168000000000001,0.00199999999999889,0.17,33,"OK","8efbf3cd5db5aecd46de961a4d5d3e09","8efbf3cd5db5aecd46de961a4d5d3e09","cc2e0064fd5dfb7d61771b70f80d0b94","cc2e0064fd5dfb7d61771b70f80d0b94","6f2c87109f18153312eb075a2d68303d"
"20260805T214336Z-02ff3f0a971e-publication","publication","mouse_brain_e18",50000,"embedded",2,3,2,"OK",3.31834721565247,0.036691427230835,1444.0078125,0.176,0.155,0.1594,0.167999999999999,0.00300000000000011,0.170999999999999,33,"OK","8efbf3cd5db5aecd46de961a4d5d3e09","8efbf3cd5db5aecd46de961a4d5d3e09","cc2e0064fd5dfb7d61771b70f80d0b94","cc2e0064fd5dfb7d61771b70f80d0b94","6f2c87109f18153312eb075a2d68303d"
"20260805T214336Z-02ff3f0a971e-publication","publication","mouse_brain_e18",50000,"h5",3,1,1,"OK",0.0279021263122559,2.34615182876587,529.125,0.0089999999999999,0.00499999999999989,0.00839999999999996,0.0289999999999999,0.0209999999999999,0.0499999999999998,33,"OK","8efbf3cd5db5aecd46de961a4d5d3e09","8efbf3cd5db5aecd46de961a4d5d3e09","cc2e0064fd5dfb7d61771b70f80d0b94","cc2e0064fd5dfb7d61771b70f80d0b94","6f2c87109f18153312eb075a2d68303d"
"20260805T214336Z-02ff3f0a971e-publication","publication","mouse_brain_e18",50000,"h5",3,1,2,"OK",0.0278210639953613,2.37369465827942,528.91015625,0.0100000000000002,0.00499999999999989,0.00939999999999985,0.0289999999999999,0.0209999999999999,0.0499999999999998,33,"OK","8efbf3cd5db5aecd46de961a4d5d3e09","8efbf3cd5db5aecd46de961a4d5d3e09","cc2e0064fd5dfb7d61771b70f80d0b94","cc2e0064fd5dfb7d61771b70f80d0b94","6f2c87109f18153312eb075a2d68303d"
"20260805T214336Z-02ff3f0a971e-publication","publication","mouse_brain_e18",50000,"embedded",3,2,1,"OK",3.32850098609924,0.0365254878997803,1444.04296875,0.184,0.155,0.1594,0.167,0.00300000000000011,0.17,33,"OK","8efbf3cd5db5aecd46de961a4d5d3e09","8efbf3cd5db5aecd46de961a4d5d3e09","cc2e0064fd5dfb7d61771b70f80d0b94","cc2e0064fd5dfb7d61771b70f80d0b94","6f2c87109f18153312eb075a2d68303d"
"20260805T214336Z-02ff3f0a971e-publication","publication","mouse_brain_e18",50000,"embedded",3,2,2,"OK",3.32624435424805,0.0371983051300049,1443.91796875,0.159,0.156000000000001,0.16,0.167999999999999,0.00200000000000067,0.17,33,"OK","8efbf3cd5db5aecd46de961a4d5d3e09","8efbf3cd5db5aecd46de961a4d5d3e09","cc2e0064fd5dfb7d61771b70f80d0b94","cc2e0064fd5dfb7d61771b70f80d0b94","6f2c87109f18153312eb075a2d68303d"
"20260805T214336Z-02ff3f0a971e-publication","publication","mouse_brain_e18",50000,"bpcells",3,3,1,"OK",0.0432264804840088,1.19304728507996,415.98828125,0.45,0.191,0.198400000000001,0.00500000000000078,0.202999999999999,0.208,33,"OK","8efbf3cd5db5aecd46de961a4d5d3e09","8efbf3cd5db5aecd46de961a4d5d3e09","cc2e0064fd5dfb7d61771b70f80d0b94","cc2e0064fd5dfb7d61771b70f80d0b94","6f2c87109f18153312eb075a2d68303d"
"20260805T214336Z-02ff3f0a971e-publication","publication","mouse_brain_e18",50000,"bpcells",3,3,2,"OK",0.0442967414855957,1.19796705245972,415.9765625,0.429,0.19,0.197999999999999,0.00499999999999901,0.203000000000001,0.208,33,"OK","8efbf3cd5db5aecd46de961a4d5d3e09","8efbf3cd5db5aecd46de961a4d5d3e09","cc2e0064fd5dfb7d61771b70f80d0b94","cc2e0064fd5dfb7d61771b70f80d0b94","6f2c87109f18153312eb075a2d68303d"
"20260805T214336Z-02ff3f0a971e-publication","publication","mouse_brain_e18",150000,"embedded",1,1,1,"OK",9.59241485595703,0.0364220142364502,3754.82421875,0.561999999999999,0.469000000000001,0.483399999999997,0.503,0.00600000000000023,0.509,33,"OK","d27e36971c6efc9106fcf11303c547cc","d27e36971c6efc9106fcf11303c547cc","8c6d66940fbfd93607772bdc552123b5","8c6d66940fbfd93607772bdc552123b5","bc93adb90dbba42bf71a039bb7f6a67c"
"20260805T214336Z-02ff3f0a971e-publication","publication","mouse_brain_e18",150000,"embedded",1,1,2,"OK",9.59046578407288,0.0364677906036377,3754.8515625,0.5,0.469999999999999,0.484000000000002,0.501999999999995,0.00600000000000023,0.507999999999996,33,"OK","d27e36971c6efc9106fcf11303c547cc","d27e36971c6efc9106fcf11303c547cc","8c6d66940fbfd93607772bdc552123b5","8c6d66940fbfd93607772bdc552123b5","bc93adb90dbba42bf71a039bb7f6a67c"
"20260805T214336Z-02ff3f0a971e-publication","publication","mouse_brain_e18",150000,"bpcells",1,2,1,"OK",0.123277425765991,1.43557572364807,469.91015625,0.599,0.574999999999999,0.585200000000001,0.0139999999999993,0.620999999999999,0.634999999999998,33,"OK","d27e36971c6efc9106fcf11303c547cc","d27e36971c6efc9106fcf11303c547cc","8c6d66940fbfd93607772bdc552123b5","8c6d66940fbfd93607772bdc552123b5","bc93adb90dbba42bf71a039bb7f6a67c"
"20260805T214336Z-02ff3f0a971e-publication","publication","mouse_brain_e18",150000,"bpcells",1,2,2,"OK",0.125676155090332,1.43695497512817,469.97265625,0.594,0.569000000000001,0.580399999999998,0.0140000000000029,0.611999999999998,0.626000000000001,33,"OK","d27e36971c6efc9106fcf11303c547cc","d27e36971c6efc9106fcf11303c547cc","8c6d66940fbfd93607772bdc552123b5","8c6d66940fbfd93607772bdc552123b5","bc93adb90dbba42bf71a039bb7f6a67c"
"20260805T214336Z-02ff3f0a971e-publication","publication","mouse_brain_e18",150000,"h5",1,3,1,"OK",0.0905959606170654,2.33697819709778,550.234375,0.0150000000000001,0.0129999999999999,0.0157999999999999,0.29,0.0329999999999995,0.323,33,"OK","d27e36971c6efc9106fcf11303c547cc","d27e36971c6efc9106fcf11303c547cc","8c6d66940fbfd93607772bdc552123b5","8c6d66940fbfd93607772bdc552123b5","bc93adb90dbba42bf71a039bb7f6a67c"
"20260805T214336Z-02ff3f0a971e-publication","publication","mouse_brain_e18",150000,"h5",1,3,2,"OK",0.0912771224975586,2.3293182849884,550.03125,0.012,0.0120000000000005,0.0153999999999998,0.296,0.0329999999999995,0.329,33,"OK","d27e36971c6efc9106fcf11303c547cc","d27e36971c6efc9106fcf11303c547cc","8c6d66940fbfd93607772bdc552123b5","8c6d66940fbfd93607772bdc552123b5","bc93adb90dbba42bf71a039bb7f6a67c"
"20260805T214336Z-02ff3f0a971e-publication","publication","mouse_brain_e18",150000,"bpcells",2,1,1,"OK",0.123632669448853,1.41439819335938,470.03125,0.602,0.573999999999998,0.5828,0.0139999999999993,0.614000000000001,0.628,33,"OK","d27e36971c6efc9106fcf11303c547cc","d27e36971c6efc9106fcf11303c547cc","8c6d66940fbfd93607772bdc552123b5","8c6d66940fbfd93607772bdc552123b5","bc93adb90dbba42bf71a039bb7f6a67c"
"20260805T214336Z-02ff3f0a971e-publication","publication","mouse_brain_e18",150000,"bpcells",2,1,2,"OK",0.12512469291687,1.54653429985046,469.8984375,0.605,0.571,0.5844,0.0130000000000017,0.613,0.626000000000001,33,"OK","d27e36971c6efc9106fcf11303c547cc","d27e36971c6efc9106fcf11303c547cc","8c6d66940fbfd93607772bdc552123b5","8c6d66940fbfd93607772bdc552123b5","bc93adb90dbba42bf71a039bb7f6a67c"
"20260805T214336Z-02ff3f0a971e-publication","publication","mouse_brain_e18",150000,"h5",2,2,1,"OK",0.0934715270996094,2.32588338851929,550.484375,0.012,0.0129999999999999,0.0158000000000001,0.305,0.0289999999999999,0.334,33,"OK","d27e36971c6efc9106fcf11303c547cc","d27e36971c6efc9106fcf11303c547cc","8c6d66940fbfd93607772bdc552123b5","8c6d66940fbfd93607772bdc552123b5","bc93adb90dbba42bf71a039bb7f6a67c"
"20260805T214336Z-02ff3f0a971e-publication","publication","mouse_brain_e18",150000,"h5",2,2,2,"OK",0.0909717082977295,2.34597897529602,550.375,0.0140000000000002,0.0140000000000002,0.0167999999999999,0.354,0.032,0.386,33,"OK","d27e36971c6efc9106fcf11303c547cc","d27e36971c6efc9106fcf11303c547cc","8c6d66940fbfd93607772bdc552123b5","8c6d66940fbfd93607772bdc552123b5","bc93adb90dbba42bf71a039bb7f6a67c"
"20260805T214336Z-02ff3f0a971e-publication","publication","mouse_brain_e18",150000,"embedded",2,3,1,"OK",9.58655428886414,0.0371382236480713,3755.01171875,0.475,0.469999999999999,0.483400000000001,0.503999999999998,0.00500000000000256,0.509,33,"OK","d27e36971c6efc9106fcf11303c547cc","d27e36971c6efc9106fcf11303c547cc","8c6d66940fbfd93607772bdc552123b5","8c6d66940fbfd93607772bdc552123b5","bc93adb90dbba42bf71a039bb7f6a67c"
"20260805T214336Z-02ff3f0a971e-publication","publication","mouse_brain_e18",150000,"embedded",2,3,2,"OK",9.6089494228363,0.03662109375,3754.9296875,0.510999999999999,0.469999999999999,0.482999999999998,0.503,0.00500000000000256,0.508000000000003,33,"OK","d27e36971c6efc9106fcf11303c547cc","d27e36971c6efc9106fcf11303c547cc","8c6d66940fbfd93607772bdc552123b5","8c6d66940fbfd93607772bdc552123b5","bc93adb90dbba42bf71a039bb7f6a67c"
"20260805T214336Z-02ff3f0a971e-publication","publication","mouse_brain_e18",150000,"h5",3,1,1,"OK",0.091364860534668,2.31925916671753,550.1875,0.0129999999999999,0.0129999999999999,0.0154000000000003,0.302,0.032,0.334,33,"OK","d27e36971c6efc9106fcf11303c547cc","d27e36971c6efc9106fcf11303c547cc","8c6d66940fbfd93607772bdc552123b5","8c6d66940fbfd93607772bdc552123b5","bc93adb90dbba42bf71a039bb7f6a67c"
"20260805T214336Z-02ff3f0a971e-publication","publication","mouse_brain_e18",150000,"h5",3,1,2,"OK",0.0913770198822021,2.33194255828857,550.21484375,0.0140000000000002,0.0129999999999999,0.0158000000000005,0.290999999999999,0.0289999999999999,0.319999999999999,33,"OK","d27e36971c6efc9106fcf11303c547cc","d27e36971c6efc9106fcf11303c547cc","8c6d66940fbfd93607772bdc552123b5","8c6d66940fbfd93607772bdc552123b5","bc93adb90dbba42bf71a039bb7f6a67c"
"20260805T214336Z-02ff3f0a971e-publication","publication","mouse_brain_e18",150000,"embedded",3,2,1,"OK",9.58416438102722,0.0366790294647217,3755.06640625,0.472,0.469999999999999,0.483000000000001,0.503,0.00600000000000023,0.509,33,"OK","d27e36971c6efc9106fcf11303c547cc","d27e36971c6efc9106fcf11303c547cc","8c6d66940fbfd93607772bdc552123b5","8c6d66940fbfd93607772bdc552123b5","bc93adb90dbba42bf71a039bb7f6a67c"
"20260805T214336Z-02ff3f0a971e-publication","publication","mouse_brain_e18",150000,"embedded",3,2,2,"OK",9.5945451259613,0.0363426208496094,3755.01171875,0.476999999999999,0.469000000000001,0.483000000000001,0.503,0.00500000000000256,0.508000000000003,33,"OK","d27e36971c6efc9106fcf11303c547cc","d27e36971c6efc9106fcf11303c547cc","8c6d66940fbfd93607772bdc552123b5","8c6d66940fbfd93607772bdc552123b5","bc93adb90dbba42bf71a039bb7f6a67c"
"20260805T214336Z-02ff3f0a971e-publication","publication","mouse_brain_e18",150000,"bpcells",3,3,1,"OK",0.123075723648071,1.42377877235413,469.890625,0.593,0.57,0.588,0.0139999999999993,0.612000000000002,0.626000000000001,33,"OK","d27e36971c6efc9106fcf11303c547cc","d27e36971c6efc9106fcf11303c547cc","8c6d66940fbfd93607772bdc552123b5","8c6d66940fbfd93607772bdc552123b5","bc93adb90dbba42bf71a039bb7f6a67c"
"20260805T214336Z-02ff3f0a971e-publication","publication","mouse_brain_e18",150000,"bpcells",3,3,2,"OK",0.12827730178833,1.42407417297363,469.953125,0.595,0.566000000000003,0.577799999999999,0.0150000000000006,0.605,0.620000000000001,33,"OK","d27e36971c6efc9106fcf11303c547cc","d27e36971c6efc9106fcf11303c547cc","8c6d66940fbfd93607772bdc552123b5","8c6d66940fbfd93607772bdc552123b5","bc93adb90dbba42bf71a039bb7f6a67c"
"20260805T214336Z-02ff3f0a971e-publication","publication","human_pfc_hbcc",50000,"embedded",1,1,1,"OK",7.05902624130249,0.037311315536499,2725.234375,0.333,0.329999999999998,0.333999999999999,0.341000000000001,0.00199999999999889,0.343,33,"OK","1d62151eadcbc77d8f3c9b2d333bdd32","1d62151eadcbc77d8f3c9b2d333bdd32","c932b64b778830356ee15ad5f2b5101d","c932b64b778830356ee15ad5f2b5101d","01292e4281dd567fc4c40e0783561416"
"20260805T214336Z-02ff3f0a971e-publication","publication","human_pfc_hbcc",50000,"embedded",1,1,2,"OK",7.06326270103455,0.037109375,2725.0703125,0.392999999999999,0.329999999999998,0.333399999999999,0.342000000000002,0.00200000000000244,0.344000000000005,33,"OK","1d62151eadcbc77d8f3c9b2d333bdd32","1d62151eadcbc77d8f3c9b2d333bdd32","c932b64b778830356ee15ad5f2b5101d","c932b64b778830356ee15ad5f2b5101d","01292e4281dd567fc4c40e0783561416"
"20260805T214336Z-02ff3f0a971e-publication","publication","human_pfc_hbcc",50000,"bpcells",1,2,1,"OK",0.0426399707794189,1.20112037658691,420.46484375,0.599,0.371000000000002,0.378399999999999,0.00499999999999901,0.376000000000001,0.381,33,"OK","1d62151eadcbc77d8f3c9b2d333bdd32","1d62151eadcbc77d8f3c9b2d333bdd32","c932b64b778830356ee15ad5f2b5101d","c932b64b778830356ee15ad5f2b5101d","01292e4281dd567fc4c40e0783561416"
"20260805T214336Z-02ff3f0a971e-publication","publication","human_pfc_hbcc",50000,"bpcells",1,2,2,"OK",0.0431244373321533,1.21920037269592,420.5234375,0.668,0.378,0.3872,0.00499999999999901,0.380000000000003,0.385000000000002,33,"OK","1d62151eadcbc77d8f3c9b2d333bdd32","1d62151eadcbc77d8f3c9b2d333bdd32","c932b64b778830356ee15ad5f2b5101d","c932b64b778830356ee15ad5f2b5101d","01292e4281dd567fc4c40e0783561416"
"20260805T214336Z-02ff3f0a971e-publication","publication","human_pfc_hbcc",50000,"h5",1,3,1,"OK",0.0258266925811768,2.37922048568726,526.75390625,0.00700000000000012,0.00499999999999989,0.00840000000000014,0.0249999999999995,0.0210000000000008,0.0460000000000003,33,"OK","1d62151eadcbc77d8f3c9b2d333bdd32","1d62151eadcbc77d8f3c9b2d333bdd32","c932b64b778830356ee15ad5f2b5101d","c932b64b778830356ee15ad5f2b5101d","01292e4281dd567fc4c40e0783561416"
"20260805T214336Z-02ff3f0a971e-publication","publication","human_pfc_hbcc",50000,"h5",1,3,2,"OK",0.0260317325592041,2.37100148200989,527.0234375,0.00800000000000001,0.00499999999999989,0.00900000000000034,0.0249999999999995,0.0220000000000002,0.0469999999999997,33,"OK","1d62151eadcbc77d8f3c9b2d333bdd32","1d62151eadcbc77d8f3c9b2d333bdd32","c932b64b778830356ee15ad5f2b5101d","c932b64b778830356ee15ad5f2b5101d","01292e4281dd567fc4c40e0783561416"
"20260805T214336Z-02ff3f0a971e-publication","publication","human_pfc_hbcc",50000,"bpcells",2,1,1,"OK",0.0423929691314697,1.21005249023438,419.80078125,0.636,0.367000000000001,0.379,0.00499999999999901,0.378,0.382999999999999,33,"OK","1d62151eadcbc77d8f3c9b2d333bdd32","1d62151eadcbc77d8f3c9b2d333bdd32","c932b64b778830356ee15ad5f2b5101d","c932b64b778830356ee15ad5f2b5101d","01292e4281dd567fc4c40e0783561416"
"20260805T214336Z-02ff3f0a971e-publication","publication","human_pfc_hbcc",50000,"bpcells",2,1,2,"OK",0.0425257682800293,1.20943593978882,419.91015625,0.602,0.366,0.3774,0.00600000000000023,0.377000000000002,0.383000000000003,33,"OK","1d62151eadcbc77d8f3c9b2d333bdd32","1d62151eadcbc77d8f3c9b2d333bdd32","c932b64b778830356ee15ad5f2b5101d","c932b64b778830356ee15ad5f2b5101d","01292e4281dd567fc4c40e0783561416"
"20260805T214336Z-02ff3f0a971e-publication","publication","human_pfc_hbcc",50000,"h5",2,2,1,"OK",0.0259799957275391,2.36632919311523,527.125,0.00800000000000001,0.00499999999999989,0.00900000000000007,0.0250000000000004,0.0220000000000002,0.0470000000000006,33,"OK","1d62151eadcbc77d8f3c9b2d333bdd32","1d62151eadcbc77d8f3c9b2d333bdd32","c932b64b778830356ee15ad5f2b5101d","c932b64b778830356ee15ad5f2b5101d","01292e4281dd567fc4c40e0783561416"
"20260805T214336Z-02ff3f0a971e-publication","publication","human_pfc_hbcc",50000,"h5",2,2,2,"OK",0.025886058807373,2.37754392623901,526.609375,0.00700000000000012,0.00499999999999989,0.00900000000000007,0.0250000000000004,0.0209999999999999,0.0460000000000003,33,"OK","1d62151eadcbc77d8f3c9b2d333bdd32","1d62151eadcbc77d8f3c9b2d333bdd32","c932b64b778830356ee15ad5f2b5101d","c932b64b778830356ee15ad5f2b5101d","01292e4281dd567fc4c40e0783561416"
"20260805T214336Z-02ff3f0a971e-publication","publication","human_pfc_hbcc",50000,"embedded",2,3,1,"OK",7.04541182518005,0.0363729000091553,2725.41796875,0.336,0.329000000000001,0.334,0.343,0.00199999999999889,0.344999999999999,33,"OK","1d62151eadcbc77d8f3c9b2d333bdd32","1d62151eadcbc77d8f3c9b2d333bdd32","c932b64b778830356ee15ad5f2b5101d","c932b64b778830356ee15ad5f2b5101d","01292e4281dd567fc4c40e0783561416"
"20260805T214336Z-02ff3f0a971e-publication","publication","human_pfc_hbcc",50000,"embedded",2,3,2,"OK",7.05704021453857,0.0368809700012207,2725.421875,0.382,0.329000000000001,0.3324,0.341000000000001,0.00199999999999889,0.343,33,"OK","1d62151eadcbc77d8f3c9b2d333bdd32","1d62151eadcbc77d8f3c9b2d333bdd32","c932b64b778830356ee15ad5f2b5101d","c932b64b778830356ee15ad5f2b5101d","01292e4281dd567fc4c40e0783561416"
"20260805T214336Z-02ff3f0a971e-publication","publication","human_pfc_hbcc",50000,"h5",3,1,1,"OK",0.0264616012573242,2.36656093597412,526.8203125,0.0089999999999999,0.00499999999999989,0.00939999999999985,0.0259999999999998,0.0230000000000006,0.0490000000000004,33,"OK","1d62151eadcbc77d8f3c9b2d333bdd32","1d62151eadcbc77d8f3c9b2d333bdd32","c932b64b778830356ee15ad5f2b5101d","c932b64b778830356ee15ad5f2b5101d","01292e4281dd567fc4c40e0783561416"
"20260805T214336Z-02ff3f0a971e-publication","publication","human_pfc_hbcc",50000,"h5",3,1,2,"OK",0.0255680084228516,2.36921238899231,526.6640625,0.00800000000000001,0.00499999999999989,0.00900000000000007,0.0259999999999998,0.0220000000000002,0.048,33,"OK","1d62151eadcbc77d8f3c9b2d333bdd32","1d62151eadcbc77d8f3c9b2d333bdd32","c932b64b778830356ee15ad5f2b5101d","c932b64b778830356ee15ad5f2b5101d","01292e4281dd567fc4c40e0783561416"
"20260805T214336Z-02ff3f0a971e-publication","publication","human_pfc_hbcc",50000,"embedded",3,2,1,"OK",7.0469605922699,0.0374166965484619,2725.30859375,0.356999999999999,0.329000000000001,0.333400000000001,0.341000000000001,0.00199999999999889,0.343,33,"OK","1d62151eadcbc77d8f3c9b2d333bdd32","1d62151eadcbc77d8f3c9b2d333bdd32","c932b64b778830356ee15ad5f2b5101d","c932b64b778830356ee15ad5f2b5101d","01292e4281dd567fc4c40e0783561416"
"20260805T214336Z-02ff3f0a971e-publication","publication","human_pfc_hbcc",50000,"embedded",3,2,2,"OK",7.05215001106262,0.0367920398712158,2725.5546875,0.335000000000001,0.328999999999997,0.332999999999998,0.34,0.00300000000000011,0.343,33,"OK","1d62151eadcbc77d8f3c9b2d333bdd32","1d62151eadcbc77d8f3c9b2d333bdd32","c932b64b778830356ee15ad5f2b5101d","c932b64b778830356ee15ad5f2b5101d","01292e4281dd567fc4c40e0783561416"
"20260805T214336Z-02ff3f0a971e-publication","publication","human_pfc_hbcc",50000,"bpcells",3,3,1,"OK",0.0424652099609375,1.20980787277222,420.2578125,0.61,0.370000000000001,0.38,0.00499999999999901,0.384,0.388999999999999,33,"OK","1d62151eadcbc77d8f3c9b2d333bdd32","1d62151eadcbc77d8f3c9b2d333bdd32","c932b64b778830356ee15ad5f2b5101d","c932b64b778830356ee15ad5f2b5101d","01292e4281dd567fc4c40e0783561416"
"20260805T214336Z-02ff3f0a971e-publication","publication","human_pfc_hbcc",50000,"bpcells",3,3,2,"OK",0.0442566871643066,1.21565794944763,420.02734375,0.669,0.367000000000001,0.3758,0.00499999999999901,0.374000000000002,0.379000000000001,33,"OK","1d62151eadcbc77d8f3c9b2d333bdd32","1d62151eadcbc77d8f3c9b2d333bdd32","c932b64b778830356ee15ad5f2b5101d","c932b64b778830356ee15ad5f2b5101d","01292e4281dd567fc4c40e0783561416"
"20260805T214336Z-02ff3f0a971e-publication","publication","human_pfc_mssm",50000,"embedded",1,1,1,"OK",6.16471791267395,0.0368251800537109,2429.46875,0.292,0.284000000000001,0.288999999999999,0.297000000000001,0.00199999999999889,0.298999999999999,33,"OK","682b4c642ed3a15c62ff2a7308177780","682b4c642ed3a15c62ff2a7308177780","05472c96d38281a3bfa0af5bc8b2b934","05472c96d38281a3bfa0af5bc8b2b934","c38cf5831b6225f7549b39a029303e71"
"20260805T214336Z-02ff3f0a971e-publication","publication","human_pfc_mssm",50000,"embedded",1,1,2,"OK",6.16593980789185,0.0367343425750732,2429.52734375,0.285,0.283999999999999,0.288999999999999,0.297000000000001,0.00200000000000244,0.299000000000003,33,"OK","682b4c642ed3a15c62ff2a7308177780","682b4c642ed3a15c62ff2a7308177780","05472c96d38281a3bfa0af5bc8b2b934","05472c96d38281a3bfa0af5bc8b2b934","c38cf5831b6225f7549b39a029303e71"
"20260805T214336Z-02ff3f0a971e-publication","publication","human_pfc_mssm",50000,"bpcells",1,2,1,"OK",0.0427768230438232,1.20662212371826,418.77734375,0.57,0.324999999999999,0.331800000000001,0.00500000000000256,0.337,0.342000000000002,33,"OK","682b4c642ed3a15c62ff2a7308177780","682b4c642ed3a15c62ff2a7308177780","05472c96d38281a3bfa0af5bc8b2b934","05472c96d38281a3bfa0af5bc8b2b934","c38cf5831b6225f7549b39a029303e71"
"20260805T214336Z-02ff3f0a971e-publication","publication","human_pfc_mssm",50000,"bpcells",1,2,2,"OK",0.0435683727264404,1.20583391189575,418.8125,0.573,0.33,0.3364,0.00499999999999901,0.334000000000003,0.339000000000002,33,"OK","682b4c642ed3a15c62ff2a7308177780","682b4c642ed3a15c62ff2a7308177780","05472c96d38281a3bfa0af5bc8b2b934","05472c96d38281a3bfa0af5bc8b2b934","c38cf5831b6225f7549b39a029303e71"
"20260805T214336Z-02ff3f0a971e-publication","publication","human_pfc_mssm",50000,"h5",1,3,1,"OK",0.0261189937591553,2.37789583206177,526.890625,0.0110000000000001,0.00499999999999989,0.00900000000000034,0.0250000000000004,0.0209999999999999,0.0460000000000003,33,"OK","682b4c642ed3a15c62ff2a7308177780","682b4c642ed3a15c62ff2a7308177780","05472c96d38281a3bfa0af5bc8b2b934","05472c96d38281a3bfa0af5bc8b2b934","c38cf5831b6225f7549b39a029303e71"
"20260805T214336Z-02ff3f0a971e-publication","publication","human_pfc_mssm",50000,"h5",1,3,2,"OK",0.0264151096343994,2.36989760398865,526.82421875,0.00800000000000001,0.00499999999999989,0.00839999999999978,0.0259999999999998,0.0220000000000002,0.048,33,"OK","682b4c642ed3a15c62ff2a7308177780","682b4c642ed3a15c62ff2a7308177780","05472c96d38281a3bfa0af5bc8b2b934","05472c96d38281a3bfa0af5bc8b2b934","c38cf5831b6225f7549b39a029303e71"
"20260805T214336Z-02ff3f0a971e-publication","publication","human_pfc_mssm",50000,"bpcells",2,1,1,"OK",0.0433802604675293,1.21025776863098,418.796875,0.597,0.325000000000001,0.3328,0.00600000000000023,0.330000000000002,0.336000000000002,33,"OK","682b4c642ed3a15c62ff2a7308177780","682b4c642ed3a15c62ff2a7308177780","05472c96d38281a3bfa0af5bc8b2b934","05472c96d38281a3bfa0af5bc8b2b934","c38cf5831b6225f7549b39a029303e71"
"20260805T214336Z-02ff3f0a971e-publication","publication","human_pfc_mssm",50000,"bpcells",2,1,2,"OK",0.0428435802459717,1.20400762557983,418.78515625,0.579,0.326000000000001,0.334199999999999,0.00500000000000256,0.332999999999998,0.338000000000001,33,"OK","682b4c642ed3a15c62ff2a7308177780","682b4c642ed3a15c62ff2a7308177780","05472c96d38281a3bfa0af5bc8b2b934","05472c96d38281a3bfa0af5bc8b2b934","c38cf5831b6225f7549b39a029303e71"
"20260805T214336Z-02ff3f0a971e-publication","publication","human_pfc_mssm",50000,"h5",2,2,1,"OK",0.0261187553405762,2.39910101890564,526.76953125,0.00700000000000012,0.00499999999999989,0.00840000000000014,0.0259999999999998,0.0220000000000002,0.048,33,"OK","682b4c642ed3a15c62ff2a7308177780","682b4c642ed3a15c62ff2a7308177780","05472c96d38281a3bfa0af5bc8b2b934","05472c96d38281a3bfa0af5bc8b2b934","c38cf5831b6225f7549b39a029303e71"
"20260805T214336Z-02ff3f0a971e-publication","publication","human_pfc_mssm",50000,"h5",2,2,2,"OK",0.0260024070739746,2.38568639755249,526.75,0.00800000000000001,0.00499999999999989,0.00900000000000007,0.0250000000000004,0.0219999999999994,0.0469999999999997,33,"OK","682b4c642ed3a15c62ff2a7308177780","682b4c642ed3a15c62ff2a7308177780","05472c96d38281a3bfa0af5bc8b2b934","05472c96d38281a3bfa0af5bc8b2b934","c38cf5831b6225f7549b39a029303e71"
"20260805T214336Z-02ff3f0a971e-publication","publication","human_pfc_mssm",50000,"embedded",2,3,1,"OK",6.24331307411194,0.0372316837310791,2429.49609375,0.285,0.282999999999999,0.287000000000003,0.317,0.00199999999999889,0.318999999999999,33,"OK","682b4c642ed3a15c62ff2a7308177780","682b4c642ed3a15c62ff2a7308177780","05472c96d38281a3bfa0af5bc8b2b934","05472c96d38281a3bfa0af5bc8b2b934","c38cf5831b6225f7549b39a029303e71"
"20260805T214336Z-02ff3f0a971e-publication","publication","human_pfc_mssm",50000,"embedded",2,3,2,"OK",6.2469003200531,0.0366396903991699,2429.4453125,0.295,0.282999999999999,0.2928,0.296000000000003,0.00199999999999889,0.298000000000002,33,"OK","682b4c642ed3a15c62ff2a7308177780","682b4c642ed3a15c62ff2a7308177780","05472c96d38281a3bfa0af5bc8b2b934","05472c96d38281a3bfa0af5bc8b2b934","c38cf5831b6225f7549b39a029303e71"
"20260805T214336Z-02ff3f0a971e-publication","publication","human_pfc_mssm",50000,"h5",3,1,1,"OK",0.0263650417327881,2.37684845924377,526.89453125,0.00800000000000001,0.00499999999999989,0.00900000000000007,0.0270000000000001,0.0209999999999999,0.048,33,"OK","682b4c642ed3a15c62ff2a7308177780","682b4c642ed3a15c62ff2a7308177780","05472c96d38281a3bfa0af5bc8b2b934","05472c96d38281a3bfa0af5bc8b2b934","c38cf5831b6225f7549b39a029303e71"
"20260805T214336Z-02ff3f0a971e-publication","publication","human_pfc_mssm",50000,"h5",3,1,2,"OK",0.0260641574859619,2.3768846988678,526.55859375,0.0089999999999999,0.00499999999999989,0.00900000000000007,0.0249999999999995,0.0210000000000008,0.0460000000000003,33,"OK","682b4c642ed3a15c62ff2a7308177780","682b4c642ed3a15c62ff2a7308177780","05472c96d38281a3bfa0af5bc8b2b934","05472c96d38281a3bfa0af5bc8b2b934","c38cf5831b6225f7549b39a029303e71"
"20260805T214336Z-02ff3f0a971e-publication","publication","human_pfc_mssm",50000,"embedded",3,2,1,"OK",6.22368001937866,0.0370640754699707,2429.35546875,0.286,0.283000000000001,0.288,0.295999999999999,0.00300000000000011,0.298999999999999,33,"OK","682b4c642ed3a15c62ff2a7308177780","682b4c642ed3a15c62ff2a7308177780","05472c96d38281a3bfa0af5bc8b2b934","05472c96d38281a3bfa0af5bc8b2b934","c38cf5831b6225f7549b39a029303e71"
"20260805T214336Z-02ff3f0a971e-publication","publication","human_pfc_mssm",50000,"embedded",3,2,2,"OK",6.26049017906189,0.0367839336395264,2429.41015625,0.34,0.282999999999999,0.287,0.295999999999999,0.00199999999999889,0.297999999999998,33,"OK","682b4c642ed3a15c62ff2a7308177780","682b4c642ed3a15c62ff2a7308177780","05472c96d38281a3bfa0af5bc8b2b934","05472c96d38281a3bfa0af5bc8b2b934","c38cf5831b6225f7549b39a029303e71"
"20260805T214336Z-02ff3f0a971e-publication","publication","human_pfc_mssm",50000,"bpcells",3,3,1,"OK",0.0439181327819824,1.27893781661987,418.84765625,0.605,0.327,0.3314,0.00499999999999901,0.331,0.335999999999999,33,"OK","682b4c642ed3a15c62ff2a7308177780","682b4c642ed3a15c62ff2a7308177780","05472c96d38281a3bfa0af5bc8b2b934","05472c96d38281a3bfa0af5bc8b2b934","c38cf5831b6225f7549b39a029303e71"
"20260805T214336Z-02ff3f0a971e-publication","publication","human_pfc_mssm",50000,"bpcells",3,3,2,"OK",0.042818546295166,1.20764446258545,418.90234375,0.605,0.326000000000001,0.335400000000001,0.00499999999999901,0.334,0.338999999999999,33,"OK","682b4c642ed3a15c62ff2a7308177780","682b4c642ed3a15c62ff2a7308177780","05472c96d38281a3bfa0af5bc8b2b934","05472c96d38281a3bfa0af5bc8b2b934","c38cf5831b6225f7549b39a029303e71"
